"well","time","value"
"A1",0,0.0551
"A1",0.5,0.0566
"A1",1,0.0583
"A1",1.5,0.0608
"A1",2,0.0721
"A1",2.5,0.0818
"A1",3,0.0912
"A1",3.5,0.1134
"A1",4,0.1278
"A1",4.5,0.1588
"A1",5,0.1904
"A1",5.5,0.2404
"A1",6,0.2885
"A1",6.5,0.3529
"A1",7,0.4214
"A1",7.5,0.4968
"A1",8,0.5749
"A1",8.5,0.6552
"A1",9,0.7263
"A1",9.5,0.7985
"A1",10,0.8585
"A1",10.5,0.916
"A1",11,0.9585
"A1",11.5,0.9898
"A1",12,1.0172
"A1",12.5,1.0369
"A1",13,1.0564
"A1",13.5,1.0687
"A1",14,1.0741
"A1",14.5,1.0838
"A1",15,1.0945
"A1",15.5,1.0936
"A1",16,1.0939
"A1",16.5,1.1008
"A1",17,1.0982
"A1",17.5,1.0985
"A1",18,1.1021
"A1",18.5,1.1043
"A1",19,1.1026
"A1",19.5,1.0962
"A1",20,1.1015
"A1",20.5,1.1052
"A1",21,1.1048
"A1",21.5,1.1011
"A1",22,1.1033
"A1",22.5,1.0957
"A1",23,1.1085
"A1",23.5,1.1063
"A1",24,1.1048
"A2",0,0.0517
"A2",0.5,0.0518
"A2",1,0.0618
"A2",1.5,0.0646
"A2",2,0.0702
"A2",2.5,0.0799
"A2",3,0.0932
"A2",3.5,0.1077
"A2",4,0.1207
"A2",4.5,0.1558
"A2",5,0.188
"A2",5.5,0.2313
"A2",6,0.2829
"A2",6.5,0.3444
"A2",7,0.4064
"A2",7.5,0.4851
"A2",8,0.5594
"A2",8.5,0.6381
"A2",9,0.7113
"A2",9.5,0.7781
"A2",10,0.8331
"A2",10.5,0.8861
"A2",11,0.9298
"A2",11.5,0.9596
"A2",12,0.9874
"A2",12.5,1.0111
"A2",13,1.0277
"A2",13.5,1.0391
"A2",14,1.0449
"A2",14.5,1.0514
"A2",15,1.0633
"A2",15.5,1.064
"A2",16,1.0665
"A2",16.5,1.0681
"A2",17,1.067
"A2",17.5,1.0728
"A2",18,1.0715
"A2",18.5,1.0723
"A2",19,1.0756
"A2",19.5,1.0757
"A2",20,1.0774
"A2",20.5,1.0729
"A2",21,1.0759
"A2",21.5,1.0779
"A2",22,1.0716
"A2",22.5,1.0723
"A2",23,1.0716
"A2",23.5,1.0708
"A2",24,1.0748
"A3",0,0.0526
"A3",0.5,0.0541
"A3",1,0.0576
"A3",1.5,0.0629
"A3",2,0.0702
"A3",2.5,0.078
"A3",3,0.093
"A3",3.5,0.1044
"A3",4,0.1319
"A3",4.5,0.1555
"A3",5,0.1939
"A3",5.5,0.2307
"A3",6,0.2889
"A3",6.5,0.3468
"A3",7,0.4104
"A3",7.5,0.4854
"A3",8,0.5624
"A3",8.5,0.6373
"A3",9,0.7193
"A3",9.5,0.7882
"A3",10,0.845
"A3",10.5,0.8971
"A3",11,0.9371
"A3",11.5,0.9732
"A3",12,0.9978
"A3",12.5,1.0255
"A3",13,1.0355
"A3",13.5,1.0503
"A3",14,1.0617
"A3",14.5,1.0668
"A3",15,1.0726
"A3",15.5,1.0729
"A3",16,1.0829
"A3",16.5,1.0782
"A3",17,1.0805
"A3",17.5,1.0869
"A3",18,1.0867
"A3",18.5,1.0826
"A3",19,1.0848
"A3",19.5,1.0856
"A3",20,1.0857
"A3",20.5,1.0825
"A3",21,1.0923
"A3",21.5,1.0846
"A3",22,1.0818
"A3",22.5,1.0823
"A3",23,1.0888
"A3",23.5,1.0865
"A3",24,1.0838
"A4",0,0.0482
"A4",0.5,0.0537
"A4",1,0.0538
"A4",1.5,0.0659
"A4",2,0.0692
"A4",2.5,0.078
"A4",3,0.0882
"A4",3.5,0.1074
"A4",4,0.1262
"A4",4.5,0.1536
"A4",5,0.192
"A4",5.5,0.23
"A4",6,0.2783
"A4",6.5,0.3408
"A4",7,0.4067
"A4",7.5,0.4825
"A4",8,0.5614
"A4",8.5,0.6319
"A4",9,0.709
"A4",9.5,0.7754
"A4",10,0.8368
"A4",10.5,0.8844
"A4",11,0.929
"A4",11.5,0.9561
"A4",12,0.9916
"A4",12.5,1.0103
"A4",13,1.0237
"A4",13.5,1.0327
"A4",14,1.0472
"A4",14.5,1.0538
"A4",15,1.0578
"A4",15.5,1.0621
"A4",16,1.0631
"A4",16.5,1.0677
"A4",17,1.0691
"A4",17.5,1.0689
"A4",18,1.067
"A4",18.5,1.0729
"A4",19,1.073
"A4",19.5,1.0698
"A4",20,1.0682
"A4",20.5,1.073
"A4",21,1.0717
"A4",21.5,1.0733
"A4",22,1.0695
"A4",22.5,1.0704
"A4",23,1.0756
"A4",23.5,1.0739
"A4",24,1.0744
"A5",0,0.0546
"A5",0.5,0.0506
"A5",1,0.0584
"A5",1.5,0.0632
"A5",2,0.0677
"A5",2.5,0.0789
"A5",3,0.0924
"A5",3.5,0.1102
"A5",4,0.1328
"A5",4.5,0.1563
"A5",5,0.1959
"A5",5.5,0.2333
"A5",6,0.2895
"A5",6.5,0.3533
"A5",7,0.417
"A5",7.5,0.4957
"A5",8,0.5763
"A5",8.5,0.656
"A5",9,0.7282
"A5",9.5,0.796
"A5",10,0.861
"A5",10.5,0.9151
"A5",11,0.9621
"A5",11.5,0.9962
"A5",12,1.021
"A5",12.5,1.045
"A5",13,1.0554
"A5",13.5,1.0713
"A5",14,1.0826
"A5",14.5,1.0875
"A5",15,1.0953
"A5",15.5,1.1008
"A5",16,1.0976
"A5",16.5,1.0998
"A5",17,1.1061
"A5",17.5,1.1041
"A5",18,1.1101
"A5",18.5,1.1004
"A5",19,1.1127
"A5",19.5,1.1086
"A5",20,1.1125
"A5",20.5,1.1114
"A5",21,1.11
"A5",21.5,1.1068
"A5",22,1.1094
"A5",22.5,1.108
"A5",23,1.1056
"A5",23.5,1.1098
"A5",24,1.1093
"A6",0,0.0524
"A6",0.5,0.0509
"A6",1,0.0543
"A6",1.5,0.0622
"A6",2,0.0657
"A6",2.5,0.0781
"A6",3,0.0927
"A6",3.5,0.1021
"A6",4,0.1228
"A6",4.5,0.1504
"A6",5,0.18
"A6",5.5,0.2217
"A6",6,0.2734
"A6",6.5,0.3305
"A6",7,0.3935
"A6",7.5,0.4581
"A6",8,0.5362
"A6",8.5,0.6126
"A6",9,0.6823
"A6",9.5,0.7442
"A6",10,0.7947
"A6",10.5,0.8502
"A6",11,0.8916
"A6",11.5,0.9226
"A6",12,0.9484
"A6",12.5,0.9691
"A6",13,0.9823
"A6",13.5,0.9984
"A6",14,1.0051
"A6",14.5,1.0074
"A6",15,1.0191
"A6",15.5,1.0224
"A6",16,1.0242
"A6",16.5,1.02
"A6",17,1.0243
"A6",17.5,1.0285
"A6",18,1.0279
"A6",18.5,1.0293
"A6",19,1.0351
"A6",19.5,1.0271
"A6",20,1.0241
"A6",20.5,1.0303
"A6",21,1.028
"A6",21.5,1.031
"A6",22,1.0279
"A6",22.5,1.0357
"A6",23,1.0298
"A6",23.5,1.0289
"A6",24,1.0297
"A7",0,0.051
"A7",0.5,0.053
"A7",1,0.0578
"A7",1.5,0.0619
"A7",2,0.0691
"A7",2.5,0.0798
"A7",3,0.0899
"A7",3.5,0.1088
"A7",4,0.1301
"A7",4.5,0.1562
"A7",5,0.1952
"A7",5.5,0.2322
"A7",6,0.2847
"A7",6.5,0.3469
"A7",7,0.4166
"A7",7.5,0.4912
"A7",8,0.5676
"A7",8.5,0.6462
"A7",9,0.7194
"A7",9.5,0.7881
"A7",10,0.8518
"A7",10.5,0.9021
"A7",11,0.946
"A7",11.5,0.976
"A7",12,1.0087
"A7",12.5,1.0288
"A7",13,1.0429
"A7",13.5,1.0599
"A7",14,1.0701
"A7",14.5,1.0742
"A7",15,1.078
"A7",15.5,1.0789
"A7",16,1.0839
"A7",16.5,1.0906
"A7",17,1.0913
"A7",17.5,1.092
"A7",18,1.0906
"A7",18.5,1.0903
"A7",19,1.0942
"A7",19.5,1.092
"A7",20,1.0901
"A7",20.5,1.0916
"A7",21,1.0924
"A7",21.5,1.0964
"A7",22,1.0978
"A7",22.5,1.0959
"A7",23,1.0906
"A7",23.5,1.0939
"A7",24,1.0907
"A8",0,0.0468
"A8",0.5,0.0543
"A8",1,0.0615
"A8",1.5,0.0653
"A8",2,0.0684
"A8",2.5,0.0819
"A8",3,0.0903
"A8",3.5,0.1078
"A8",4,0.1333
"A8",4.5,0.1568
"A8",5,0.1943
"A8",5.5,0.2342
"A8",6,0.2827
"A8",6.5,0.3453
"A8",7,0.4135
"A8",7.5,0.4902
"A8",8,0.5691
"A8",8.5,0.6481
"A8",9,0.723
"A8",9.5,0.7973
"A8",10,0.8497
"A8",10.5,0.9039
"A8",11,0.9487
"A8",11.5,0.9865
"A8",12,1.0099
"A8",12.5,1.0341
"A8",13,1.0432
"A8",13.5,1.0636
"A8",14,1.0676
"A8",14.5,1.0758
"A8",15,1.079
"A8",15.5,1.0862
"A8",16,1.0934
"A8",16.5,1.0972
"A8",17,1.0899
"A8",17.5,1.0951
"A8",18,1.0984
"A8",18.5,1.095
"A8",19,1.0954
"A8",19.5,1.0956
"A8",20,1.0982
"A8",20.5,1.1004
"A8",21,1.0987
"A8",21.5,1.0979
"A8",22,1.0964
"A8",22.5,1.0985
"A8",23,1.0959
"A8",23.5,1.0966
"A8",24,1.1001
"A9",0,0.0458
"A9",0.5,0.0524
"A9",1,0.0551
"A9",1.5,0.0603
"A9",2,0.0734
"A9",2.5,0.0796
"A9",3,0.0892
"A9",3.5,0.1059
"A9",4,0.1288
"A9",4.5,0.1593
"A9",5,0.1904
"A9",5.5,0.2325
"A9",6,0.2791
"A9",6.5,0.3426
"A9",7,0.411
"A9",7.5,0.4797
"A9",8,0.5658
"A9",8.5,0.6326
"A9",9,0.7083
"A9",9.5,0.7794
"A9",10,0.8389
"A9",10.5,0.8914
"A9",11,0.9339
"A9",11.5,0.9599
"A9",12,0.9958
"A9",12.5,1.015
"A9",13,1.0279
"A9",13.5,1.042
"A9",14,1.0499
"A9",14.5,1.0612
"A9",15,1.0642
"A9",15.5,1.064
"A9",16,1.0753
"A9",16.5,1.0775
"A9",17,1.0764
"A9",17.5,1.0744
"A9",18,1.08
"A9",18.5,1.0757
"A9",19,1.0774
"A9",19.5,1.0818
"A9",20,1.0815
"A9",20.5,1.0805
"A9",21,1.0793
"A9",21.5,1.0801
"A9",22,1.0814
"A9",22.5,1.0818
"A9",23,1.0773
"A9",23.5,1.0765
"A9",24,1.082
"A10",0,0.0516
"A10",0.5,0.0529
"A10",1,0.0568
"A10",1.5,0.064
"A10",2,0.0662
"A10",2.5,0.078
"A10",3,0.0911
"A10",3.5,0.1054
"A10",4,0.1272
"A10",4.5,0.1524
"A10",5,0.1906
"A10",5.5,0.2294
"A10",6,0.285
"A10",6.5,0.3338
"A10",7,0.4042
"A10",7.5,0.4797
"A10",8,0.5507
"A10",8.5,0.6227
"A10",9,0.6951
"A10",9.5,0.7639
"A10",10,0.8257
"A10",10.5,0.8741
"A10",11,0.9079
"A10",11.5,0.9448
"A10",12,0.9729
"A10",12.5,0.9897
"A10",13,1.0109
"A10",13.5,1.0149
"A10",14,1.0307
"A10",14.5,1.0362
"A10",15,1.0411
"A10",15.5,1.0454
"A10",16,1.0498
"A10",16.5,1.0522
"A10",17,1.0522
"A10",17.5,1.049
"A10",18,1.0511
"A10",18.5,1.0517
"A10",19,1.0579
"A10",19.5,1.0557
"A10",20,1.0572
"A10",20.5,1.0528
"A10",21,1.0555
"A10",21.5,1.0584
"A10",22,1.0566
"A10",22.5,1.0568
"A10",23,1.057
"A10",23.5,1.0603
"A10",24,1.0557
"A11",0,0.0477
"A11",0.5,0.0567
"A11",1,0.0552
"A11",1.5,0.0593
"A11",2,0.0641
"A11",2.5,0.0758
"A11",3,0.0923
"A11",3.5,0.1032
"A11",4,0.1309
"A11",4.5,0.1588
"A11",5,0.1912
"A11",5.5,0.231
"A11",6,0.287
"A11",6.5,0.3431
"A11",7,0.4116
"A11",7.5,0.483
"A11",8,0.564
"A11",8.5,0.6423
"A11",9,0.7133
"A11",9.5,0.7892
"A11",10,0.8436
"A11",10.5,0.8946
"A11",11,0.94
"A11",11.5,0.9749
"A11",12,0.9976
"A11",12.5,1.0212
"A11",13,1.0393
"A11",13.5,1.0487
"A11",14,1.0628
"A11",14.5,1.0615
"A11",15,1.0705
"A11",15.5,1.0778
"A11",16,1.0819
"A11",16.5,1.0819
"A11",17,1.0819
"A11",17.5,1.0878
"A11",18,1.0813
"A11",18.5,1.0874
"A11",19,1.0849
"A11",19.5,1.0878
"A11",20,1.0828
"A11",20.5,1.0916
"A11",21,1.0888
"A11",21.5,1.0834
"A11",22,1.0846
"A11",22.5,1.0927
"A11",23,1.0894
"A11",23.5,1.083
"A11",24,1.0882
"A12",0,0.054
"A12",0.5,0.0551
"A12",1,0.0553
"A12",1.5,0.062
"A12",2,0.0719
"A12",2.5,0.0732
"A12",3,0.0895
"A12",3.5,0.1034
"A12",4,0.1257
"A12",4.5,0.1506
"A12",5,0.1814
"A12",5.5,0.2239
"A12",6,0.264
"A12",6.5,0.3262
"A12",7,0.3835
"A12",7.5,0.4583
"A12",8,0.5295
"A12",8.5,0.6043
"A12",9,0.6713
"A12",9.5,0.7307
"A12",10,0.7856
"A12",10.5,0.8399
"A12",11,0.8778
"A12",11.5,0.9084
"A12",12,0.9343
"A12",12.5,0.9531
"A12",13,0.9695
"A12",13.5,0.9791
"A12",14,0.9852
"A12",14.5,0.9962
"A12",15,1.0044
"A12",15.5,1.0102
"A12",16,1.0082
"A12",16.5,1.01
"A12",17,1.0142
"A12",17.5,1.013
"A12",18,1.0126
"A12",18.5,1.0099
"A12",19,1.0116
"A12",19.5,1.0162
"A12",20,1.0117
"A12",20.5,1.0183
"A12",21,1.0123
"A12",21.5,1.0153
"A12",22,1.0159
"A12",22.5,1.0159
"A12",23,1.0164
"A12",23.5,1.0176
"A12",24,1.0157
"B1",0,0.054
"B1",0.5,0.0549
"B1",1,0.0541
"B1",1.5,0.0637
"B1",2,0.0663
"B1",2.5,0.0781
"B1",3,0.09
"B1",3.5,0.1038
"B1",4,0.13
"B1",4.5,0.1527
"B1",5,0.1869
"B1",5.5,0.232
"B1",6,0.2755
"B1",6.5,0.3347
"B1",7,0.3998
"B1",7.5,0.4749
"B1",8,0.5485
"B1",8.5,0.6214
"B1",9,0.697
"B1",9.5,0.7578
"B1",10,0.8192
"B1",10.5,0.8634
"B1",11,0.911
"B1",11.5,0.9425
"B1",12,0.9684
"B1",12.5,0.9856
"B1",13,1.004
"B1",13.5,1.0208
"B1",14,1.0281
"B1",14.5,1.0346
"B1",15,1.0393
"B1",15.5,1.0431
"B1",16,1.0402
"B1",16.5,1.042
"B1",17,1.0466
"B1",17.5,1.0528
"B1",18,1.0515
"B1",18.5,1.0487
"B1",19,1.0516
"B1",19.5,1.0521
"B1",20,1.0508
"B1",20.5,1.0534
"B1",21,1.0517
"B1",21.5,1.0533
"B1",22,1.0538
"B1",22.5,1.0514
"B1",23,1.0515
"B1",23.5,1.0508
"B1",24,1.0534
"B2",0,0.0551
"B2",0.5,0.0593
"B2",1,0.0589
"B2",1.5,0.0766
"B2",2,0.0831
"B2",2.5,0.0946
"B2",3,0.1102
"B2",3.5,0.1264
"B2",4,0.1478
"B2",4.5,0.1843
"B2",5,0.2264
"B2",5.5,0.2673
"B2",6,0.3296
"B2",6.5,0.4005
"B2",7,0.4769
"B2",7.5,0.5694
"B2",8,0.6561
"B2",8.5,0.7521
"B2",9,0.8351
"B2",9.5,0.9165
"B2",10,0.989
"B2",10.5,1.0448
"B2",11,1.0965
"B2",11.5,1.1337
"B2",12,1.1601
"B2",12.5,1.1892
"B2",13,1.2102
"B2",13.5,1.224
"B2",14,1.2329
"B2",14.5,1.238
"B2",15,1.2497
"B2",15.5,1.2496
"B2",16,1.2521
"B2",16.5,1.2602
"B2",17,1.2566
"B2",17.5,1.2624
"B2",18,1.2627
"B2",18.5,1.2595
"B2",19,1.2676
"B2",19.5,1.2627
"B2",20,1.2684
"B2",20.5,1.2636
"B2",21,1.2635
"B2",21.5,1.2653
"B2",22,1.2644
"B2",22.5,1.2645
"B2",23,1.263
"B2",23.5,1.262
"B2",24,1.2675
"B3",0,0.0601
"B3",0.5,0.0626
"B3",1,0.0709
"B3",1.5,0.0733
"B3",2,0.0812
"B3",2.5,0.0826
"B3",3,0.1049
"B3",3.5,0.1184
"B3",4,0.1455
"B3",4.5,0.1747
"B3",5,0.2166
"B3",5.5,0.2618
"B3",6,0.3186
"B3",6.5,0.3852
"B3",7,0.4626
"B3",7.5,0.941
"B3",8,0.6356
"B3",8.5,0.719
"B3",9,0.8046
"B3",9.5,0.8849
"B3",10,0.9428
"B3",10.5,1.006
"B3",11,1.054
"B3",11.5,1.0907
"B3",12,1.1197
"B3",12.5,1.147
"B3",13,1.1586
"B3",13.5,1.1717
"B3",14,1.1849
"B3",14.5,1.1929
"B3",15,1.2015
"B3",15.5,1.2057
"B3",16,1.2062
"B3",16.5,1.2073
"B3",17,1.2148
"B3",17.5,1.2053
"B3",18,1.2102
"B3",18.5,1.2143
"B3",19,1.21
"B3",19.5,1.215
"B3",20,1.2122
"B3",20.5,1.2131
"B3",21,1.2125
"B3",21.5,1.2178
"B3",22,1.2146
"B3",22.5,1.2137
"B3",23,1.2173
"B3",23.5,1.2224
"B3",24,1.2153
"B4",0,0.0545
"B4",0.5,0.0565
"B4",1,0.0698
"B4",1.5,0.0724
"B4",2,0.0813
"B4",2.5,0.0938
"B4",3,0.1059
"B4",3.5,0.1212
"B4",4,0.1446
"B4",4.5,0.1807
"B4",5,0.2218
"B4",5.5,0.2635
"B4",6,0.3304
"B4",6.5,0.4003
"B4",7,0.4818
"B4",7.5,0.5644
"B4",8,0.6544
"B4",8.5,0.7455
"B4",9,0.8296
"B4",9.5,0.9083
"B4",10,0.9784
"B4",10.5,1.0395
"B4",11,1.085
"B4",11.5,1.1243
"B4",12,1.1545
"B4",12.5,1.1786
"B4",13,1.2013
"B4",13.5,1.2193
"B4",14,1.2225
"B4",14.5,1.233
"B4",15,1.2366
"B4",15.5,1.247
"B4",16,1.2468
"B4",16.5,1.2508
"B4",17,1.2532
"B4",17.5,1.2504
"B4",18,1.2543
"B4",18.5,1.2547
"B4",19,1.258
"B4",19.5,1.2527
"B4",20,1.2531
"B4",20.5,1.2592
"B4",21,1.2553
"B4",21.5,1.2552
"B4",22,1.2576
"B4",22.5,1.2564
"B4",23,1.263
"B4",23.5,1.2582
"B4",24,1.258
"B5",0,0.0588
"B5",0.5,0.061
"B5",1,0.0683
"B5",1.5,0.0766
"B5",2,0.0802
"B5",2.5,0.0943
"B5",3,0.1027
"B5",3.5,0.1284
"B5",4,0.1543
"B5",4.5,0.182
"B5",5,0.2274
"B5",5.5,0.2831
"B5",6,0.3371
"B5",6.5,0.4072
"B5",7,0.4971
"B5",7.5,0.5795
"B5",8,0.6707
"B5",8.5,0.7665
"B5",9,0.8548
"B5",9.5,0.9267
"B5",10,1.0042
"B5",10.5,1.0614
"B5",11,1.1118
"B5",11.5,1.1514
"B5",12,1.1786
"B5",12.5,1.2133
"B5",13,1.2275
"B5",13.5,1.2487
"B5",14,1.2577
"B5",14.5,1.2583
"B5",15,1.2678
"B5",15.5,1.2794
"B5",16,1.2772
"B5",16.5,1.2748
"B5",17,1.2929
"B5",17.5,1.2865
"B5",18,1.285
"B5",18.5,1.2936
"B5",19,1.2932
"B5",19.5,1.2891
"B5",20,1.2832
"B5",20.5,1.287
"B5",21,1.2893
"B5",21.5,1.2858
"B5",22,1.2857
"B5",22.5,1.2864
"B5",23,1.2807
"B5",23.5,1.2934
"B5",24,1.2916
"B6",0,0.0561
"B6",0.5,0.0617
"B6",1,0.0672
"B6",1.5,0.0692
"B6",2,0.0784
"B6",2.5,0.0873
"B6",3,0.1078
"B6",3.5,0.1248
"B6",4,0.1429
"B6",4.5,0.1776
"B6",5,0.2129
"B6",5.5,0.2572
"B6",6,0.3184
"B6",6.5,0.3826
"B6",7,0.4616
"B6",7.5,0.5406
"B6",8,0.6306
"B6",8.5,0.7114
"B6",9,0.7958
"B6",9.5,0.8716
"B6",10,0.9378
"B6",10.5,0.9942
"B6",11,1.0404
"B6",11.5,1.0779
"B6",12,1.1122
"B6",12.5,1.1342
"B6",13,1.1475
"B6",13.5,1.1672
"B6",14,1.1738
"B6",14.5,1.1793
"B6",15,1.1876
"B6",15.5,1.191
"B6",16,1.195
"B6",16.5,1.1942
"B6",17,1.1965
"B6",17.5,1.2043
"B6",18,1.2041
"B6",18.5,1.1993
"B6",19,1.1998
"B6",19.5,1.2081
"B6",20,1.209
"B6",20.5,1.2011
"B6",21,1.1997
"B6",21.5,1.2116
"B6",22,1.2045
"B6",22.5,1.2045
"B6",23,1.2042
"B6",23.5,1.2082
"B6",24,1.2035
"B7",0,0.0588
"B7",0.5,0.0629
"B7",1,0.0692
"B7",1.5,0.0736
"B7",2,0.0854
"B7",2.5,0.0964
"B7",3,0.1032
"B7",3.5,0.1254
"B7",4,0.1495
"B7",4.5,0.1854
"B7",5,0.233
"B7",5.5,0.2793
"B7",6,0.3359
"B7",6.5,0.413
"B7",7,0.4924
"B7",7.5,0.5829
"B7",8,0.676
"B7",8.5,0.7642
"B7",9,0.8617
"B7",9.5,0.9424
"B7",10,1.0104
"B7",10.5,1.0686
"B7",11,1.119
"B7",11.5,1.1676
"B7",12,1.2
"B7",12.5,1.2205
"B7",13,1.2434
"B7",13.5,1.2582
"B7",14,1.2731
"B7",14.5,1.2781
"B7",15,1.2886
"B7",15.5,1.2883
"B7",16,1.2934
"B7",16.5,1.2968
"B7",17,1.2955
"B7",17.5,1.3035
"B7",18,1.3004
"B7",18.5,1.3028
"B7",19,1.3006
"B7",19.5,1.3039
"B7",20,1.3004
"B7",20.5,1.303
"B7",21,1.3025
"B7",21.5,1.3047
"B7",22,1.3024
"B7",22.5,1.3017
"B7",23,1.2996
"B7",23.5,1.2983
"B7",24,1.2976
"B8",0,0.0568
"B8",0.5,0.0673
"B8",1,0.0683
"B8",1.5,0.0708
"B8",2,0.0846
"B8",2.5,0.0874
"B8",3,0.1079
"B8",3.5,0.1312
"B8",4,0.1518
"B8",4.5,0.1888
"B8",5,0.2308
"B8",5.5,0.2721
"B8",6,0.3328
"B8",6.5,0.4047
"B8",7,0.4898
"B8",7.5,0.5788
"B8",8,0.672
"B8",8.5,0.7643
"B8",9,0.8517
"B8",9.5,0.932
"B8",10,1.0009
"B8",10.5,1.0584
"B8",11,1.1091
"B8",11.5,1.153
"B8",12,1.1888
"B8",12.5,1.2139
"B8",13,1.2222
"B8",13.5,1.2402
"B8",14,1.258
"B8",14.5,1.2589
"B8",15,1.2635
"B8",15.5,1.2749
"B8",16,1.2818
"B8",16.5,1.285
"B8",17,1.2827
"B8",17.5,1.2847
"B8",18,1.2853
"B8",18.5,1.2843
"B8",19,1.2749
"B8",19.5,1.2877
"B8",20,1.2846
"B8",20.5,1.289
"B8",21,1.2843
"B8",21.5,1.2814
"B8",22,1.2901
"B8",22.5,1.287
"B8",23,1.297
"B8",23.5,1.2893
"B8",24,1.2897
"B9",0,0.0569
"B9",0.5,0.0616
"B9",1,0.0663
"B9",1.5,0.0764
"B9",2,0.0847
"B9",2.5,0.1003
"B9",3,0.1107
"B9",3.5,0.1258
"B9",4,0.1503
"B9",4.5,0.1895
"B9",5,0.2245
"B9",5.5,0.2787
"B9",6,0.3374
"B9",6.5,0.4095
"B9",7,0.486
"B9",7.5,0.5714
"B9",8,0.668
"B9",8.5,0.761
"B9",9,0.8476
"B9",9.5,0.9318
"B9",10,0.998
"B9",10.5,1.055
"B9",11,1.1098
"B9",11.5,1.1481
"B9",12,1.1838
"B9",12.5,1.2039
"B9",13,1.2225
"B9",13.5,1.2348
"B9",14,1.2466
"B9",14.5,1.2553
"B9",15,1.2581
"B9",15.5,1.2718
"B9",16,1.2755
"B9",16.5,1.2729
"B9",17,1.2773
"B9",17.5,1.2807
"B9",18,1.2828
"B9",18.5,1.2823
"B9",19,1.2829
"B9",19.5,1.2826
"B9",20,1.2793
"B9",20.5,1.2832
"B9",21,1.2858
"B9",21.5,1.2809
"B9",22,1.2861
"B9",22.5,1.2846
"B9",23,1.2837
"B9",23.5,1.2832
"B9",24,1.2884
"B10",0,0.0565
"B10",0.5,0.0605
"B10",1,0.064
"B10",1.5,0.066
"B10",2,0.084
"B10",2.5,0.0948
"B10",3,0.1063
"B10",3.5,0.1236
"B10",4,0.1477
"B10",4.5,0.1825
"B10",5,0.2215
"B10",5.5,0.2709
"B10",6,0.3287
"B10",6.5,0.3999
"B10",7,0.4779
"B10",7.5,0.564
"B10",8,0.6535
"B10",8.5,0.7466
"B10",9,0.8242
"B10",9.5,0.9105
"B10",10,0.9743
"B10",10.5,1.0341
"B10",11,1.0834
"B10",11.5,1.1213
"B10",12,1.1461
"B10",12.5,1.1772
"B10",13,1.197
"B10",13.5,1.2059
"B10",14,1.2236
"B10",14.5,1.2283
"B10",15,1.2405
"B10",15.5,1.2415
"B10",16,1.2417
"B10",16.5,1.2471
"B10",17,1.2493
"B10",17.5,1.2527
"B10",18,1.2505
"B10",18.5,1.2456
"B10",19,1.2484
"B10",19.5,1.2502
"B10",20,1.2543
"B10",20.5,1.2524
"B10",21,1.2516
"B10",21.5,1.251
"B10",22,1.2541
"B10",22.5,1.2512
"B10",23,1.2526
"B10",23.5,1.251
"B10",24,1.2497
"B11",0,0.0593
"B11",0.5,0.0673
"B11",1,0.0711
"B11",1.5,0.0769
"B11",2,0.0807
"B11",2.5,0.0978
"B11",3,0.1083
"B11",3.5,0.1329
"B11",4,0.1489
"B11",4.5,0.1842
"B11",5,0.2258
"B11",5.5,0.2779
"B11",6,0.3355
"B11",6.5,0.4097
"B11",7,0.4831
"B11",7.5,0.5762
"B11",8,0.6687
"B11",8.5,0.7627
"B11",9,0.8484
"B11",9.5,0.9278
"B11",10,1.0032
"B11",10.5,1.0641
"B11",11,1.11
"B11",11.5,1.1508
"B11",12,1.1858
"B11",12.5,1.2115
"B11",13,1.2338
"B11",13.5,1.2468
"B11",14,1.2617
"B11",14.5,1.2657
"B11",15,1.2754
"B11",15.5,1.2715
"B11",16,1.2766
"B11",16.5,1.2792
"B11",17,1.2788
"B11",17.5,1.2864
"B11",18,1.2806
"B11",18.5,1.29
"B11",19,1.2882
"B11",19.5,1.2897
"B11",20,1.2892
"B11",20.5,1.2934
"B11",21,1.2901
"B11",21.5,1.2907
"B11",22,1.2839
"B11",22.5,1.292
"B11",23,1.2887
"B11",23.5,1.2835
"B11",24,1.2901
"B12",0,0.0524
"B12",0.5,0.0502
"B12",1,0.0604
"B12",1.5,0.0641
"B12",2,0.0723
"B12",2.5,0.0776
"B12",3,0.0866
"B12",3.5,0.1061
"B12",4,0.1258
"B12",4.5,0.1605
"B12",5,0.1875
"B12",5.5,0.2298
"B12",6,0.2835
"B12",6.5,0.3417
"B12",7,0.409
"B12",7.5,0.4873
"B12",8,0.5577
"B12",8.5,0.6387
"B12",9,0.7078
"B12",9.5,0.7707
"B12",10,0.828
"B12",10.5,0.8858
"B12",11,0.9234
"B12",11.5,0.9598
"B12",12,0.9909
"B12",12.5,1.008
"B12",13,1.0224
"B12",13.5,1.0304
"B12",14,1.0425
"B12",14.5,1.0501
"B12",15,1.0585
"B12",15.5,1.0619
"B12",16,1.0636
"B12",16.5,1.0662
"B12",17,1.0666
"B12",17.5,1.0686
"B12",18,1.0701
"B12",18.5,1.0712
"B12",19,1.0752
"B12",19.5,1.0681
"B12",20,1.075
"B12",20.5,1.0731
"B12",21,1.0676
"B12",21.5,1.071
"B12",22,1.0701
"B12",22.5,1.0694
"B12",23,1.0679
"B12",23.5,1.0706
"B12",24,1.0708
"C1",0,0.0507
"C1",0.5,0.0488
"C1",1,0.0598
"C1",1.5,0.0643
"C1",2,0.0728
"C1",2.5,0.0778
"C1",3,0.0924
"C1",3.5,0.1028
"C1",4,0.1282
"C1",4.5,0.1532
"C1",5,0.1882
"C1",5.5,0.2288
"C1",6,0.2728
"C1",6.5,0.3348
"C1",7,0.4042
"C1",7.5,0.4697
"C1",8,0.548
"C1",8.5,0.6214
"C1",9,0.6925
"C1",9.5,0.7603
"C1",10,0.8189
"C1",10.5,0.8646
"C1",11,0.9073
"C1",11.5,0.9416
"C1",12,0.9626
"C1",12.5,0.9899
"C1",13,0.9995
"C1",13.5,1.0187
"C1",14,1.023
"C1",14.5,1.0281
"C1",15,1.0384
"C1",15.5,1.0388
"C1",16,1.0457
"C1",16.5,1.0424
"C1",17,1.0437
"C1",17.5,1.0456
"C1",18,1.0435
"C1",18.5,1.0488
"C1",19,1.0477
"C1",19.5,1.0443
"C1",20,1.0502
"C1",20.5,1.0494
"C1",21,1.0496
"C1",21.5,1.049
"C1",22,1.0487
"C1",22.5,1.0475
"C1",23,1.0515
"C1",23.5,1.0514
"C1",24,1.0522
"C2",0,0.0599
"C2",0.5,0.0612
"C2",1,0.0693
"C2",1.5,0.0689
"C2",2,0.0808
"C2",2.5,0.0896
"C2",3,0.1033
"C2",3.5,0.1264
"C2",4,0.1494
"C2",4.5,0.1811
"C2",5,0.2134
"C2",5.5,0.2613
"C2",6,0.3133
"C2",6.5,0.3834
"C2",7,0.4655
"C2",7.5,0.5414
"C2",8,0.6253
"C2",8.5,0.7151
"C2",9,0.8012
"C2",9.5,0.8683
"C2",10,0.9389
"C2",10.5,0.9978
"C2",11,1.0493
"C2",11.5,1.0795
"C2",12,1.1159
"C2",12.5,1.1334
"C2",13,1.1496
"C2",13.5,1.163
"C2",14,1.1761
"C2",14.5,1.1846
"C2",15,1.1895
"C2",15.5,1.198
"C2",16,1.1987
"C2",16.5,1.2003
"C2",17,1.2006
"C2",17.5,1.1999
"C2",18,1.1989
"C2",18.5,1.2061
"C2",19,1.2061
"C2",19.5,1.2105
"C2",20,1.2076
"C2",20.5,1.2094
"C2",21,1.2072
"C2",21.5,1.2048
"C2",22,1.2082
"C2",22.5,1.2084
"C2",23,1.205
"C2",23.5,1.2074
"C2",24,1.2135
"C3",0,0.0592
"C3",0.5,0.0595
"C3",1,0.0629
"C3",1.5,0.0757
"C3",2,0.0817
"C3",2.5,0.0921
"C3",3,0.1085
"C3",3.5,0.1268
"C3",4,0.1482
"C3",4.5,0.1706
"C3",5,0.2127
"C3",5.5,0.2555
"C3",6,0.3209
"C3",6.5,0.3819
"C3",7,0.4523
"C3",7.5,0.5411
"C3",8,0.6264
"C3",8.5,0.7164
"C3",9,0.7948
"C3",9.5,0.8775
"C3",10,0.9394
"C3",10.5,0.9913
"C3",11,1.0363
"C3",11.5,1.0783
"C3",12,1.1071
"C3",12.5,1.1316
"C3",13,1.1518
"C3",13.5,1.1625
"C3",14,1.1703
"C3",14.5,1.1875
"C3",15,1.1937
"C3",15.5,1.2
"C3",16,1.1984
"C3",16.5,1.1976
"C3",17,1.2004
"C3",17.5,1.1983
"C3",18,1.2054
"C3",18.5,1.1983
"C3",19,1.2
"C3",19.5,1.2089
"C3",20,1.2141
"C3",20.5,1.2052
"C3",21,1.2106
"C3",21.5,1.2022
"C3",22,1.2082
"C3",22.5,1.2044
"C3",23,1.2007
"C3",23.5,1.2045
"C3",24,1.2048
"C4",0,0.0584
"C4",0.5,0.0648
"C4",1,0.0653
"C4",1.5,0.0732
"C4",2,0.0829
"C4",2.5,0.0865
"C4",3,0.1027
"C4",3.5,0.1253
"C4",4,0.145
"C4",4.5,0.1684
"C4",5,0.2113
"C4",5.5,0.2632
"C4",6,0.3162
"C4",6.5,0.3827
"C4",7,0.459
"C4",7.5,0.5438
"C4",8,0.6262
"C4",8.5,0.7151
"C4",9,0.7977
"C4",9.5,0.8683
"C4",10,0.9377
"C4",10.5,0.993
"C4",11,1.0427
"C4",11.5,1.0748
"C4",12,1.1139
"C4",12.5,1.1366
"C4",13,1.148
"C4",13.5,1.1623
"C4",14,1.1719
"C4",14.5,1.182
"C4",15,1.1868
"C4",15.5,1.193
"C4",16,1.1903
"C4",16.5,1.1988
"C4",17,1.2002
"C4",17.5,1.1967
"C4",18,1.2033
"C4",18.5,1.2034
"C4",19,1.2031
"C4",19.5,1.2042
"C4",20,1.2057
"C4",20.5,1.2058
"C4",21,1.2036
"C4",21.5,1.2085
"C4",22,1.205
"C4",22.5,1.2048
"C4",23,1.2081
"C4",23.5,1.2082
"C4",24,1.2032
"C5",0,0.047
"C5",0.5,0.0479
"C5",1,0.0465
"C5",1.5,0.0447
"C5",2,0.0509
"C5",2.5,0.0496
"C5",3,0.0519
"C5",3.5,0.05
"C5",4,0.0512
"C5",4.5,0.0485
"C5",5,0.0471
"C5",5.5,0.0523
"C5",6,0.0523
"C5",6.5,0.0448
"C5",7,0.0526
"C5",7.5,0.0447
"C5",8,0.0499
"C5",8.5,0.0488
"C5",9,0.0496
"C5",9.5,0.0533
"C5",10,0.0462
"C5",10.5,0.0492
"C5",11,0.0577
"C5",11.5,0.0456
"C5",12,0.0481
"C5",12.5,0.0499
"C5",13,0.0506
"C5",13.5,0.0484
"C5",14,0.0492
"C5",14.5,0.0533
"C5",15,0.0495
"C5",15.5,0.0508
"C5",16,0.0511
"C5",16.5,0.0512
"C5",17,0.0515
"C5",17.5,0.0502
"C5",18,0.0479
"C5",18.5,0.0498
"C5",19,0.0471
"C5",19.5,0.0503
"C5",20,0.049
"C5",20.5,0.0496
"C5",21,0.0467
"C5",21.5,0.0492
"C5",22,0.0467
"C5",22.5,0.0488
"C5",23,0.0516
"C5",23.5,0.0507
"C5",24,0.0527
"C6",0,0.0617
"C6",0.5,0.0628
"C6",1,0.0635
"C6",1.5,0.076
"C6",2,0.0787
"C6",2.5,0.09
"C6",3,0.1055
"C6",3.5,0.1209
"C6",4,0.1516
"C6",4.5,0.1807
"C6",5,0.2199
"C6",5.5,0.2717
"C6",6,0.3346
"C6",6.5,0.4036
"C6",7,0.485
"C6",7.5,0.5682
"C6",8,0.6623
"C6",8.5,0.7568
"C6",9,0.8361
"C6",9.5,0.919
"C6",10,0.9923
"C6",10.5,1.0502
"C6",11,1.1037
"C6",11.5,1.1431
"C6",12,1.169
"C6",12.5,1.1971
"C6",13,1.2117
"C6",13.5,1.2277
"C6",14,1.243
"C6",14.5,1.2481
"C6",15,1.2556
"C6",15.5,1.2615
"C6",16,1.2592
"C6",16.5,1.2633
"C6",17,1.2693
"C6",17.5,1.268
"C6",18,1.2676
"C6",18.5,1.27
"C6",19,1.2649
"C6",19.5,1.268
"C6",20,1.272
"C6",20.5,1.2665
"C6",21,1.2719
"C6",21.5,1.2726
"C6",22,1.268
"C6",22.5,1.2746
"C6",23,1.2698
"C6",23.5,1.2729
"C6",24,1.2683
"C7",0,0.0619
"C7",0.5,0.0604
"C7",1,0.0638
"C7",1.5,0.0775
"C7",2,0.0789
"C7",2.5,0.0952
"C7",3,0.1073
"C7",3.5,0.1278
"C7",4,0.1523
"C7",4.5,0.1837
"C7",5,0.2231
"C7",5.5,0.2687
"C7",6,0.3269
"C7",6.5,0.3923
"C7",7,0.4695
"C7",7.5,0.5563
"C7",8,0.6466
"C7",8.5,0.7329
"C7",9,0.8234
"C7",9.5,0.8965
"C7",10,0.9686
"C7",10.5,1.0288
"C7",11,1.0711
"C7",11.5,1.1168
"C7",12,1.1384
"C7",12.5,1.1695
"C7",13,1.1919
"C7",13.5,1.2032
"C7",14,1.215
"C7",14.5,1.2186
"C7",15,1.2272
"C7",15.5,1.2342
"C7",16,1.2303
"C7",16.5,1.2398
"C7",17,1.2344
"C7",17.5,1.2385
"C7",18,1.2489
"C7",18.5,1.2433
"C7",19,1.2421
"C7",19.5,1.2457
"C7",20,1.2424
"C7",20.5,1.2452
"C7",21,1.2425
"C7",21.5,1.2366
"C7",22,1.2451
"C7",22.5,1.2423
"C7",23,1.2421
"C7",23.5,1.2439
"C7",24,1.2479
"C8",0,0.0549
"C8",0.5,0.0646
"C8",1,0.0628
"C8",1.5,0.075
"C8",2,0.0792
"C8",2.5,0.0947
"C8",3,0.1098
"C8",3.5,0.1271
"C8",4,0.1448
"C8",4.5,0.178
"C8",5,0.2286
"C8",5.5,0.2763
"C8",6,0.3309
"C8",6.5,0.4037
"C8",7,0.4766
"C8",7.5,0.5685
"C8",8,0.6546
"C8",8.5,0.7447
"C8",9,0.834
"C8",9.5,0.915
"C8",10,0.9812
"C8",10.5,1.0407
"C8",11,1.0948
"C8",11.5,1.1365
"C8",12,1.1631
"C8",12.5,1.1837
"C8",13,1.206
"C8",13.5,1.2226
"C8",14,1.2279
"C8",14.5,1.2377
"C8",15,1.2496
"C8",15.5,1.2565
"C8",16,1.2501
"C8",16.5,1.2552
"C8",17,1.2589
"C8",17.5,1.2609
"C8",18,1.2608
"C8",18.5,1.2596
"C8",19,1.265
"C8",19.5,1.2646
"C8",20,1.2631
"C8",20.5,1.2639
"C8",21,1.261
"C8",21.5,1.2635
"C8",22,1.2653
"C8",22.5,1.2601
"C8",23,1.2641
"C8",23.5,1.2604
"C8",24,1.2674
"C9",0,0.0572
"C9",0.5,0.0602
"C9",1,0.0641
"C9",1.5,0.0719
"C9",2,0.0831
"C9",2.5,0.0938
"C9",3,0.1069
"C9",3.5,0.126
"C9",4,0.146
"C9",4.5,0.1772
"C9",5,0.2181
"C9",5.5,0.2627
"C9",6,0.3181
"C9",6.5,0.3843
"C9",7,0.473
"C9",7.5,0.5432
"C9",8,0.6355
"C9",8.5,0.7284
"C9",9,0.8085
"C9",9.5,0.8819
"C9",10,0.9514
"C9",10.5,1.0126
"C9",11,1.0553
"C9",11.5,1.0914
"C9",12,1.1278
"C9",12.5,1.1527
"C9",13,1.1624
"C9",13.5,1.1814
"C9",14,1.1901
"C9",14.5,1.1997
"C9",15,1.2051
"C9",15.5,1.2079
"C9",16,1.2126
"C9",16.5,1.2101
"C9",17,1.2114
"C9",17.5,1.2191
"C9",18,1.2182
"C9",18.5,1.2183
"C9",19,1.2142
"C9",19.5,1.218
"C9",20,1.2206
"C9",20.5,1.2187
"C9",21,1.2206
"C9",21.5,1.2217
"C9",22,1.2202
"C9",22.5,1.2219
"C9",23,1.22
"C9",23.5,1.2198
"C9",24,1.22
"C10",0,0.0587
"C10",0.5,0.0661
"C10",1,0.0715
"C10",1.5,0.0751
"C10",2,0.0825
"C10",2.5,0.0879
"C10",3,0.1128
"C10",3.5,0.1281
"C10",4,0.1534
"C10",4.5,0.1871
"C10",5,0.2239
"C10",5.5,0.2714
"C10",6,0.3336
"C10",6.5,0.4021
"C10",7,0.4873
"C10",7.5,0.5721
"C10",8,0.6639
"C10",8.5,0.7548
"C10",9,0.8466
"C10",9.5,0.9198
"C10",10,0.9937
"C10",10.5,1.0499
"C10",11,1.1043
"C10",11.5,1.1446
"C10",12,1.1775
"C10",12.5,1.2013
"C10",13,1.2223
"C10",13.5,1.2349
"C10",14,1.2463
"C10",14.5,1.2584
"C10",15,1.263
"C10",15.5,1.2695
"C10",16,1.2708
"C10",16.5,1.2697
"C10",17,1.2734
"C10",17.5,1.2695
"C10",18,1.2762
"C10",18.5,1.276
"C10",19,1.28
"C10",19.5,1.279
"C10",20,1.2811
"C10",20.5,1.2849
"C10",21,1.2756
"C10",21.5,1.2779
"C10",22,1.2782
"C10",22.5,1.2767
"C10",23,1.2837
"C10",23.5,1.2757
"C10",24,1.2779
"C11",0,0.06
"C11",0.5,0.0642
"C11",1,0.0715
"C11",1.5,0.074
"C11",2,0.0836
"C11",2.5,0.0971
"C11",3,0.1112
"C11",3.5,0.1291
"C11",4,0.1521
"C11",4.5,0.1838
"C11",5,0.2261
"C11",5.5,0.2752
"C11",6,0.3313
"C11",6.5,0.4026
"C11",7,0.486
"C11",7.5,0.572
"C11",8,0.6552
"C11",8.5,0.753
"C11",9,0.835
"C11",9.5,0.91
"C11",10,0.9886
"C11",10.5,1.0446
"C11",11,1.0966
"C11",11.5,1.1394
"C11",12,1.1683
"C11",12.5,1.1886
"C11",13,1.2081
"C11",13.5,1.22
"C11",14,1.2314
"C11",14.5,1.2436
"C11",15,1.2474
"C11",15.5,1.2548
"C11",16,1.2588
"C11",16.5,1.2599
"C11",17,1.2596
"C11",17.5,1.2577
"C11",18,1.2636
"C11",18.5,1.2609
"C11",19,1.2665
"C11",19.5,1.2673
"C11",20,1.2663
"C11",20.5,1.2624
"C11",21,1.2635
"C11",21.5,1.2644
"C11",22,1.2664
"C11",22.5,1.2731
"C11",23,1.2633
"C11",23.5,1.2596
"C11",24,1.2658
"C12",0,0.0474
"C12",0.5,0.0572
"C12",1,0.0619
"C12",1.5,0.0659
"C12",2,0.0715
"C12",2.5,0.0786
"C12",3,0.0894
"C12",3.5,0.1079
"C12",4,0.1211
"C12",4.5,0.1547
"C12",5,0.1824
"C12",5.5,0.2267
"C12",6,0.2707
"C12",6.5,0.3333
"C12",7,0.393
"C12",7.5,0.4625
"C12",8,0.539
"C12",8.5,0.6094
"C12",9,0.6818
"C12",9.5,0.75
"C12",10,0.7987
"C12",10.5,0.8493
"C12",11,0.892
"C12",11.5,0.9288
"C12",12,0.9518
"C12",12.5,0.9679
"C12",13,0.9858
"C12",13.5,0.9978
"C12",14,1.0054
"C12",14.5,1.0125
"C12",15,1.0147
"C12",15.5,1.022
"C12",16,1.0214
"C12",16.5,1.0285
"C12",17,1.0245
"C12",17.5,1.0313
"C12",18,1.0328
"C12",18.5,1.0332
"C12",19,1.0374
"C12",19.5,1.0261
"C12",20,1.0293
"C12",20.5,1.0267
"C12",21,1.0316
"C12",21.5,1.0285
"C12",22,1.0325
"C12",22.5,1.0317
"C12",23,1.0263
"C12",23.5,1.033
"C12",24,1.0352
"D1",0,0.0562
"D1",0.5,0.0536
"D1",1,0.0551
"D1",1.5,0.0595
"D1",2,0.0676
"D1",2.5,0.0768
"D1",3,0.0866
"D1",3.5,0.1067
"D1",4,0.129
"D1",4.5,0.15
"D1",5,0.1811
"D1",5.5,0.2209
"D1",6,0.275
"D1",6.5,0.3305
"D1",7,0.3906
"D1",7.5,0.466
"D1",8,0.5405
"D1",8.5,0.6125
"D1",9,0.6824
"D1",9.5,0.7494
"D1",10,0.8061
"D1",10.5,0.8551
"D1",11,0.8913
"D1",11.5,0.9294
"D1",12,0.9581
"D1",12.5,0.9787
"D1",13,0.9965
"D1",13.5,1.0037
"D1",14,1.0093
"D1",14.5,1.02
"D1",15,1.0266
"D1",15.5,1.0324
"D1",16,1.0324
"D1",16.5,1.0361
"D1",17,1.0351
"D1",17.5,1.0319
"D1",18,1.0338
"D1",18.5,1.0415
"D1",19,1.0389
"D1",19.5,1.0358
"D1",20,1.0359
"D1",20.5,1.0356
"D1",21,1.0385
"D1",21.5,1.0375
"D1",22,1.0359
"D1",22.5,1.0414
"D1",23,1.0384
"D1",23.5,1.0403
"D1",24,1.0374
"D2",0,0.0602
"D2",0.5,0.0615
"D2",1,0.0651
"D2",1.5,0.0747
"D2",2,0.0822
"D2",2.5,0.0947
"D2",3,0.1091
"D2",3.5,0.1303
"D2",4,0.1551
"D2",4.5,0.1786
"D2",5,0.2261
"D2",5.5,0.2701
"D2",6,0.3311
"D2",6.5,0.4002
"D2",7,0.4785
"D2",7.5,0.5628
"D2",8,0.653
"D2",8.5,0.7487
"D2",9,0.8381
"D2",9.5,0.9122
"D2",10,0.9816
"D2",10.5,1.0376
"D2",11,1.0834
"D2",11.5,1.1268
"D2",12,1.1581
"D2",12.5,1.1827
"D2",13,1.201
"D2",13.5,1.2196
"D2",14,1.231
"D2",14.5,1.2374
"D2",15,1.2383
"D2",15.5,1.2454
"D2",16,1.2529
"D2",16.5,1.253
"D2",17,1.2508
"D2",17.5,1.2534
"D2",18,1.2523
"D2",18.5,1.2588
"D2",19,1.2551
"D2",19.5,1.2601
"D2",20,1.2616
"D2",20.5,1.2605
"D2",21,1.2566
"D2",21.5,1.2547
"D2",22,1.2557
"D2",22.5,1.2584
"D2",23,1.2571
"D2",23.5,1.2616
"D2",24,1.2583
"D3",0,0.0595
"D3",0.5,0.0648
"D3",1,0.0677
"D3",1.5,0.0708
"D3",2,0.0858
"D3",2.5,0.085
"D3",3,0.1067
"D3",3.5,0.1229
"D3",4,0.145
"D3",4.5,0.1727
"D3",5,0.2112
"D3",5.5,0.2637
"D3",6,0.314
"D3",6.5,0.3789
"D3",7,0.452
"D3",7.5,0.5344
"D3",8,0.6207
"D3",8.5,0.7019
"D3",9,0.7907
"D3",9.5,0.8621
"D3",10,0.9319
"D3",10.5,0.9865
"D3",11,1.0341
"D3",11.5,1.0633
"D3",12,1.0986
"D3",12.5,1.1189
"D3",13,1.1376
"D3",13.5,1.1494
"D3",14,1.1621
"D3",14.5,1.1695
"D3",15,1.1686
"D3",15.5,1.1819
"D3",16,1.183
"D3",16.5,1.182
"D3",17,1.1834
"D3",17.5,1.186
"D3",18,1.1843
"D3",18.5,1.1902
"D3",19,1.1948
"D3",19.5,1.1913
"D3",20,1.1926
"D3",20.5,1.1868
"D3",21,1.1868
"D3",21.5,1.1888
"D3",22,1.1938
"D3",22.5,1.189
"D3",23,1.1934
"D3",23.5,1.1911
"D3",24,1.1929
"D4",0,0.0634
"D4",0.5,0.0637
"D4",1,0.0658
"D4",1.5,0.0743
"D4",2,0.0795
"D4",2.5,0.0904
"D4",3,0.1104
"D4",3.5,0.1264
"D4",4,0.1469
"D4",4.5,0.1723
"D4",5,0.2195
"D4",5.5,0.2639
"D4",6,0.3141
"D4",6.5,0.3874
"D4",7,0.4625
"D4",7.5,0.5448
"D4",8,0.6307
"D4",8.5,0.7169
"D4",9,0.7991
"D4",9.5,0.8762
"D4",10,0.9381
"D4",10.5,0.9973
"D4",11,1.0441
"D4",11.5,1.0819
"D4",12,1.1089
"D4",12.5,1.1358
"D4",13,1.1524
"D4",13.5,1.1686
"D4",14,1.1775
"D4",14.5,1.1828
"D4",15,1.1926
"D4",15.5,1.1967
"D4",16,1.197
"D4",16.5,1.1999
"D4",17,1.2091
"D4",17.5,1.2044
"D4",18,1.2036
"D4",18.5,1.2041
"D4",19,1.2082
"D4",19.5,1.2079
"D4",20,1.2088
"D4",20.5,1.2063
"D4",21,1.2057
"D4",21.5,1.2029
"D4",22,1.2096
"D4",22.5,1.2137
"D4",23,1.2024
"D4",23.5,1.2097
"D4",24,1.2037
"D5",0,0.0543
"D5",0.5,0.0672
"D5",1,0.0693
"D5",1.5,0.0664
"D5",2,0.0828
"D5",2.5,0.0922
"D5",3,0.1053
"D5",3.5,0.1222
"D5",4,0.1445
"D5",4.5,0.1816
"D5",5,0.216
"D5",5.5,0.2653
"D5",6,0.3254
"D5",6.5,0.3934
"D5",7,0.4678
"D5",7.5,0.5515
"D5",8,0.6419
"D5",8.5,0.7256
"D5",9,0.8143
"D5",9.5,0.8911
"D5",10,0.9594
"D5",10.5,1.0158
"D5",11,1.0594
"D5",11.5,1.0973
"D5",12,1.1301
"D5",12.5,1.159
"D5",13,1.1758
"D5",13.5,1.1881
"D5",14,1.1985
"D5",14.5,1.2105
"D5",15,1.21
"D5",15.5,1.2216
"D5",16,1.224
"D5",16.5,1.2225
"D5",17,1.2267
"D5",17.5,1.2311
"D5",18,1.2334
"D5",18.5,1.2346
"D5",19,1.2318
"D5",19.5,1.2305
"D5",20,1.2328
"D5",20.5,1.2309
"D5",21,1.2288
"D5",21.5,1.2345
"D5",22,1.2341
"D5",22.5,1.2359
"D5",23,1.2372
"D5",23.5,1.2366
"D5",24,1.2346
"D6",0,0.0612
"D6",0.5,0.0678
"D6",1,0.0576
"D6",1.5,0.0684
"D6",2,0.078
"D6",2.5,0.0945
"D6",3,0.1104
"D6",3.5,0.1236
"D6",4,0.1554
"D6",4.5,0.1823
"D6",5,0.222
"D6",5.5,0.2689
"D6",6,0.3292
"D6",6.5,0.3984
"D6",7,0.4729
"D6",7.5,0.5575
"D6",8,0.6472
"D6",8.5,0.7354
"D6",9,0.8237
"D6",9.5,0.9066
"D6",10,0.9712
"D6",10.5,1.0282
"D6",11,1.0795
"D6",11.5,1.1164
"D6",12,1.1525
"D6",12.5,1.1712
"D6",13,1.1924
"D6",13.5,1.2034
"D6",14,1.213
"D6",14.5,1.2206
"D6",15,1.2309
"D6",15.5,1.2325
"D6",16,1.2398
"D6",16.5,1.242
"D6",17,1.2474
"D6",17.5,1.2441
"D6",18,1.243
"D6",18.5,1.2521
"D6",19,1.2492
"D6",19.5,1.2477
"D6",20,1.2447
"D6",20.5,1.2467
"D6",21,1.253
"D6",21.5,1.2457
"D6",22,1.2493
"D6",22.5,1.2494
"D6",23,1.2494
"D6",23.5,1.249
"D6",24,1.2473
"D7",0,0.0618
"D7",0.5,0.0629
"D7",1,0.0707
"D7",1.5,0.0724
"D7",2,0.0799
"D7",2.5,0.0869
"D7",3,0.1086
"D7",3.5,0.1201
"D7",4,0.1517
"D7",4.5,0.1849
"D7",5,0.226
"D7",5.5,0.2764
"D7",6,0.3352
"D7",6.5,0.4012
"D7",7,0.4864
"D7",7.5,0.5711
"D7",8,0.6564
"D7",8.5,0.7528
"D7",9,0.8349
"D7",9.5,0.917
"D7",10,0.9888
"D7",10.5,1.049
"D7",11,1.1032
"D7",11.5,1.1403
"D7",12,1.1694
"D7",12.5,1.195
"D7",13,1.2142
"D7",13.5,1.231
"D7",14,1.2431
"D7",14.5,1.2485
"D7",15,1.2549
"D7",15.5,1.2621
"D7",16,1.2614
"D7",16.5,1.2661
"D7",17,1.2681
"D7",17.5,1.2676
"D7",18,1.269
"D7",18.5,1.2708
"D7",19,1.2697
"D7",19.5,1.2725
"D7",20,1.2693
"D7",20.5,1.2745
"D7",21,1.2721
"D7",21.5,1.276
"D7",22,1.275
"D7",22.5,1.2723
"D7",23,1.2728
"D7",23.5,1.2757
"D7",24,1.2761
"D8",0,0.0596
"D8",0.5,0.0647
"D8",1,0.0704
"D8",1.5,0.0738
"D8",2,0.0854
"D8",2.5,0.0983
"D8",3,0.1101
"D8",3.5,0.1307
"D8",4,0.1536
"D8",4.5,0.1862
"D8",5,0.2215
"D8",5.5,0.2743
"D8",6,0.3345
"D8",6.5,0.3989
"D8",7,0.4888
"D8",7.5,0.5694
"D8",8,0.6552
"D8",8.5,0.7531
"D8",9,0.8421
"D8",9.5,0.9185
"D8",10,0.9895
"D8",10.5,1.0523
"D8",11,1.0986
"D8",11.5,1.1366
"D8",12,1.1705
"D8",12.5,1.199
"D8",13,1.2148
"D8",13.5,1.2303
"D8",14,1.2469
"D8",14.5,1.2468
"D8",15,1.2516
"D8",15.5,1.2623
"D8",16,1.2582
"D8",16.5,1.2694
"D8",17,1.2647
"D8",17.5,1.2679
"D8",18,1.2754
"D8",18.5,1.2681
"D8",19,1.2697
"D8",19.5,1.2656
"D8",20,1.2669
"D8",20.5,1.2682
"D8",21,1.2732
"D8",21.5,1.2677
"D8",22,1.272
"D8",22.5,1.2724
"D8",23,1.2711
"D8",23.5,1.2742
"D8",24,1.273
"D9",0,0.0602
"D9",0.5,0.0625
"D9",1,0.0658
"D9",1.5,0.0763
"D9",2,0.0803
"D9",2.5,0.0926
"D9",3,0.106
"D9",3.5,0.117
"D9",4,0.1516
"D9",4.5,0.1812
"D9",5,0.2174
"D9",5.5,0.2727
"D9",6,0.3235
"D9",6.5,0.391
"D9",7,0.4725
"D9",7.5,0.5563
"D9",8,0.6514
"D9",8.5,0.7385
"D9",9,0.8225
"D9",9.5,0.9018
"D9",10,0.9679
"D9",10.5,1.0301
"D9",11,1.0787
"D9",11.5,1.1172
"D9",12,1.1484
"D9",12.5,1.1693
"D9",13,1.1941
"D9",13.5,1.201
"D9",14,1.2229
"D9",14.5,1.2292
"D9",15,1.232
"D9",15.5,1.2309
"D9",16,1.2396
"D9",16.5,1.2359
"D9",17,1.2419
"D9",17.5,1.2465
"D9",18,1.2477
"D9",18.5,1.246
"D9",19,1.2458
"D9",19.5,1.2477
"D9",20,1.2424
"D9",20.5,1.2463
"D9",21,1.2531
"D9",21.5,1.2425
"D9",22,1.2527
"D9",22.5,1.2495
"D9",23,1.2469
"D9",23.5,1.2547
"D9",24,1.2479
"D10",0,0.0524
"D10",0.5,0.0683
"D10",1,0.0761
"D10",1.5,0.075
"D10",2,0.0864
"D10",2.5,0.0936
"D10",3,0.113
"D10",3.5,0.1323
"D10",4,0.1514
"D10",4.5,0.1831
"D10",5,0.2296
"D10",5.5,0.276
"D10",6,0.3451
"D10",6.5,0.4148
"D10",7,0.497
"D10",7.5,0.9857
"D10",8,0.6795
"D10",8.5,0.7755
"D10",9,0.8616
"D10",9.5,0.9446
"D10",10,1.0161
"D10",10.5,1.0802
"D10",11,1.1267
"D10",11.5,1.1651
"D10",12,1.2012
"D10",12.5,1.2215
"D10",13,1.2438
"D10",13.5,1.2618
"D10",14,1.27
"D10",14.5,1.284
"D10",15,1.2878
"D10",15.5,1.2898
"D10",16,1.2989
"D10",16.5,1.2978
"D10",17,1.3027
"D10",17.5,1.3027
"D10",18,1.303
"D10",18.5,1.3012
"D10",19,1.2969
"D10",19.5,1.2993
"D10",20,1.301
"D10",20.5,1.3036
"D10",21,1.3094
"D10",21.5,1.3043
"D10",22,1.3006
"D10",22.5,1.3035
"D10",23,1.3074
"D10",23.5,1.3073
"D10",24,1.3036
"D11",0,0.0572
"D11",0.5,0.0641
"D11",1,0.0681
"D11",1.5,0.0667
"D11",2,0.0828
"D11",2.5,0.0879
"D11",3,0.102
"D11",3.5,0.1291
"D11",4,0.1512
"D11",4.5,0.1759
"D11",5,0.2216
"D11",5.5,0.2626
"D11",6,0.3249
"D11",6.5,0.3936
"D11",7,0.4701
"D11",7.5,0.5535
"D11",8,0.6363
"D11",8.5,0.723
"D11",9,0.812
"D11",9.5,0.8847
"D11",10,0.9505
"D11",10.5,1.0071
"D11",11,1.0617
"D11",11.5,1.0985
"D11",12,1.1311
"D11",12.5,1.1486
"D11",13,1.1695
"D11",13.5,1.1794
"D11",14,1.1934
"D11",14.5,1.1985
"D11",15,1.2082
"D11",15.5,1.2114
"D11",16,1.2191
"D11",16.5,1.2182
"D11",17,1.2179
"D11",17.5,1.2153
"D11",18,1.2201
"D11",18.5,1.2205
"D11",19,1.2262
"D11",19.5,1.2246
"D11",20,1.2217
"D11",20.5,1.2244
"D11",21,1.2243
"D11",21.5,1.225
"D11",22,1.2232
"D11",22.5,1.2277
"D11",23,1.2282
"D11",23.5,1.2208
"D11",24,1.2273
"D12",0,0.0504
"D12",0.5,0.0551
"D12",1,0.0595
"D12",1.5,0.0624
"D12",2,0.0736
"D12",2.5,0.0787
"D12",3,0.0833
"D12",3.5,0.1088
"D12",4,0.1229
"D12",4.5,0.1498
"D12",5,0.1834
"D12",5.5,0.2216
"D12",6,0.2706
"D12",6.5,0.3303
"D12",7,0.3882
"D12",7.5,0.4651
"D12",8,0.5398
"D12",8.5,0.6128
"D12",9,0.6852
"D12",9.5,0.7499
"D12",10,0.8069
"D12",10.5,0.8578
"D12",11,0.8927
"D12",11.5,0.9271
"D12",12,0.9517
"D12",12.5,0.974
"D12",13,0.9864
"D12",13.5,0.9978
"D12",14,1.0093
"D12",14.5,1.0146
"D12",15,1.0182
"D12",15.5,1.0238
"D12",16,1.0279
"D12",16.5,1.0282
"D12",17,1.0284
"D12",17.5,1.0326
"D12",18,1.0293
"D12",18.5,1.0325
"D12",19,1.0328
"D12",19.5,1.0385
"D12",20,1.0284
"D12",20.5,1.0349
"D12",21,1.0349
"D12",21.5,1.0345
"D12",22,1.038
"D12",22.5,1.0333
"D12",23,1.0345
"D12",23.5,1.0369
"D12",24,1.0338
"E1",0,0.048
"E1",0.5,0.0525
"E1",1,0.06
"E1",1.5,0.0602
"E1",2,0.0682
"E1",2.5,0.0808
"E1",3,0.0918
"E1",3.5,0.1052
"E1",4,0.1315
"E1",4.5,0.1507
"E1",5,0.1908
"E1",5.5,0.2306
"E1",6,0.2732
"E1",6.5,0.3381
"E1",7,0.4059
"E1",7.5,0.4745
"E1",8,0.5524
"E1",8.5,0.6242
"E1",9,0.6987
"E1",9.5,0.7679
"E1",10,0.827
"E1",10.5,0.8761
"E1",11,0.9157
"E1",11.5,0.9526
"E1",12,0.9809
"E1",12.5,0.9966
"E1",13,1.0141
"E1",13.5,1.0247
"E1",14,1.035
"E1",14.5,1.0425
"E1",15,1.047
"E1",15.5,1.0502
"E1",16,1.0528
"E1",16.5,1.0563
"E1",17,1.0572
"E1",17.5,1.0576
"E1",18,1.0608
"E1",18.5,1.0615
"E1",19,1.0614
"E1",19.5,1.0585
"E1",20,1.0626
"E1",20.5,1.0629
"E1",21,1.0612
"E1",21.5,1.0634
"E1",22,1.0653
"E1",22.5,1.063
"E1",23,1.0642
"E1",23.5,1.0655
"E1",24,1.0665
"E2",0,0.0603
"E2",0.5,0.0644
"E2",1,0.0668
"E2",1.5,0.0776
"E2",2,0.0838
"E2",2.5,0.0939
"E2",3,0.1051
"E2",3.5,0.1278
"E2",4,0.1491
"E2",4.5,0.1766
"E2",5,0.2171
"E2",5.5,0.2648
"E2",6,0.3175
"E2",6.5,0.3903
"E2",7,0.4672
"E2",7.5,0.553
"E2",8,0.6381
"E2",8.5,0.7234
"E2",9,0.8102
"E2",9.5,0.8848
"E2",10,0.9523
"E2",10.5,1.0136
"E2",11,1.0575
"E2",11.5,1.0997
"E2",12,1.1306
"E2",12.5,1.1589
"E2",13,1.1721
"E2",13.5,1.1887
"E2",14,1.2
"E2",14.5,1.2063
"E2",15,1.2098
"E2",15.5,1.2141
"E2",16,1.2192
"E2",16.5,1.2221
"E2",17,1.2231
"E2",17.5,1.2193
"E2",18,1.2276
"E2",18.5,1.224
"E2",19,1.2263
"E2",19.5,1.223
"E2",20,1.2317
"E2",20.5,1.2309
"E2",21,1.2284
"E2",21.5,1.2264
"E2",22,1.2242
"E2",22.5,1.2279
"E2",23,1.2305
"E2",23.5,1.2273
"E2",24,1.2302
"E3",0,0.057
"E3",0.5,0.0638
"E3",1,0.069
"E3",1.5,0.0734
"E3",2,0.087
"E3",2.5,0.0886
"E3",3,0.1066
"E3",3.5,0.134
"E3",4,0.1573
"E3",4.5,0.1827
"E3",5,0.2309
"E3",5.5,0.2806
"E3",6,0.3372
"E3",6.5,0.4146
"E3",7,0.4984
"E3",7.5,0.5823
"E3",8,0.6805
"E3",8.5,0.7688
"E3",9,0.8637
"E3",9.5,0.9413
"E3",10,1.0155
"E3",10.5,1.0752
"E3",11,1.1315
"E3",11.5,1.1702
"E3",12,1.2047
"E3",12.5,1.2305
"E3",13,1.2481
"E3",13.5,1.2628
"E3",14,1.2756
"E3",14.5,1.2846
"E3",15,1.2892
"E3",15.5,1.2952
"E3",16,1.2999
"E3",16.5,1.3022
"E3",17,1.3061
"E3",17.5,1.2979
"E3",18,1.3057
"E3",18.5,1.306
"E3",19,1.3038
"E3",19.5,1.3043
"E3",20,1.3084
"E3",20.5,1.306
"E3",21,1.3065
"E3",21.5,1.309
"E3",22,1.311
"E3",22.5,1.3138
"E3",23,1.31
"E3",23.5,1.3137
"E3",24,1.3115
"E4",0,0.0624
"E4",0.5,0.061
"E4",1,0.0686
"E4",1.5,0.0714
"E4",2,0.0839
"E4",2.5,0.0921
"E4",3,0.1041
"E4",3.5,0.1284
"E4",4,0.1499
"E4",4.5,0.1854
"E4",5,0.2182
"E4",5.5,0.2684
"E4",6,0.3299
"E4",6.5,0.4035
"E4",7,0.4804
"E4",7.5,0.5686
"E4",8,0.6554
"E4",8.5,0.7427
"E4",9,0.836
"E4",9.5,0.9134
"E4",10,0.9899
"E4",10.5,1.0432
"E4",11,1.0963
"E4",11.5,1.1311
"E4",12,1.1638
"E4",12.5,1.1932
"E4",13,1.2062
"E4",13.5,1.2232
"E4",14,1.2352
"E4",14.5,1.2438
"E4",15,1.2436
"E4",15.5,1.2505
"E4",16,1.2547
"E4",16.5,1.263
"E4",17,1.262
"E4",17.5,1.2598
"E4",18,1.263
"E4",18.5,1.2642
"E4",19,1.2621
"E4",19.5,1.2654
"E4",20,1.2681
"E4",20.5,1.2691
"E4",21,1.2671
"E4",21.5,1.2637
"E4",22,1.267
"E4",22.5,1.2686
"E4",23,1.2675
"E4",23.5,1.265
"E4",24,1.2694
"E5",0,0.0614
"E5",0.5,0.0647
"E5",1,0.0683
"E5",1.5,0.0737
"E5",2,0.0792
"E5",2.5,0.099
"E5",3,0.104
"E5",3.5,0.13
"E5",4,0.1518
"E5",4.5,0.1859
"E5",5,0.2209
"E5",5.5,0.2657
"E5",6,0.3244
"E5",6.5,0.3898
"E5",7,0.4746
"E5",7.5,0.5564
"E5",8,0.6446
"E5",8.5,0.7336
"E5",9,0.8161
"E5",9.5,0.8944
"E5",10,0.9665
"E5",10.5,1.0265
"E5",11,1.071
"E5",11.5,1.1105
"E5",12,1.1413
"E5",12.5,1.1652
"E5",13,1.1824
"E5",13.5,1.199
"E5",14,1.21
"E5",14.5,1.2166
"E5",15,1.2236
"E5",15.5,1.2248
"E5",16,1.2304
"E5",16.5,1.2342
"E5",17,1.2339
"E5",17.5,1.2352
"E5",18,1.2352
"E5",18.5,1.2391
"E5",19,1.2387
"E5",19.5,1.2464
"E5",20,1.2383
"E5",20.5,1.2392
"E5",21,1.236
"E5",21.5,1.2419
"E5",22,1.2384
"E5",22.5,1.2398
"E5",23,1.2422
"E5",23.5,1.244
"E5",24,1.2387
"E6",0,0.0567
"E6",0.5,0.0622
"E6",1,0.0699
"E6",1.5,0.0689
"E6",2,0.0791
"E6",2.5,0.0922
"E6",3,0.107
"E6",3.5,0.1203
"E6",4,0.153
"E6",4.5,0.1788
"E6",5,0.2136
"E6",5.5,0.262
"E6",6,0.3266
"E6",6.5,0.3971
"E6",7,0.4668
"E6",7.5,0.5539
"E6",8,0.6451
"E6",8.5,0.7287
"E6",9,0.8133
"E6",9.5,0.8879
"E6",10,0.9593
"E6",10.5,1.0226
"E6",11,1.071
"E6",11.5,1.1012
"E6",12,1.1367
"E6",12.5,1.1633
"E6",13,1.1789
"E6",13.5,1.1883
"E6",14,1.2042
"E6",14.5,1.2059
"E6",15,1.2168
"E6",15.5,1.2235
"E6",16,1.2225
"E6",16.5,1.2243
"E6",17,1.2247
"E6",17.5,1.2301
"E6",18,1.2343
"E6",18.5,1.2303
"E6",19,1.2362
"E6",19.5,1.231
"E6",20,1.2329
"E6",20.5,1.2317
"E6",21,1.2345
"E6",21.5,1.2349
"E6",22,1.2332
"E6",22.5,1.2307
"E6",23,1.237
"E6",23.5,1.2303
"E6",24,1.2337
"E7",0,0.0607
"E7",0.5,0.0661
"E7",1,0.061
"E7",1.5,0.075
"E7",2,0.0836
"E7",2.5,0.0923
"E7",3,0.1009
"E7",3.5,0.1219
"E7",4,0.1395
"E7",4.5,0.1732
"E7",5,0.2101
"E7",5.5,0.2599
"E7",6,0.3215
"E7",6.5,0.3819
"E7",7,0.4544
"E7",7.5,0.5399
"E7",8,0.6247
"E7",8.5,0.7084
"E7",9,0.7872
"E7",9.5,0.8656
"E7",10,0.9319
"E7",10.5,0.9868
"E7",11,1.0382
"E7",11.5,1.0768
"E7",12,1.0966
"E7",12.5,1.1239
"E7",13,1.1368
"E7",13.5,1.1524
"E7",14,1.163
"E7",14.5,1.1716
"E7",15,1.1831
"E7",15.5,1.1797
"E7",16,1.187
"E7",16.5,1.1902
"E7",17,1.1903
"E7",17.5,1.1926
"E7",18,1.19
"E7",18.5,1.1913
"E7",19,1.1912
"E7",19.5,1.187
"E7",20,1.1958
"E7",20.5,1.1929
"E7",21,1.1938
"E7",21.5,1.1964
"E7",22,1.1947
"E7",22.5,1.1942
"E7",23,1.193
"E7",23.5,1.1995
"E7",24,1.1951
"E8",0,0.0627
"E8",0.5,0.0662
"E8",1,0.0663
"E8",1.5,0.0774
"E8",2,0.0821
"E8",2.5,0.0906
"E8",3,0.1047
"E8",3.5,0.1262
"E8",4,0.1561
"E8",4.5,0.1834
"E8",5,0.2204
"E8",5.5,0.2688
"E8",6,0.3263
"E8",6.5,0.3923
"E8",7,0.4781
"E8",7.5,0.558
"E8",8,0.6574
"E8",8.5,0.7422
"E8",9,0.8287
"E8",9.5,0.907
"E8",10,0.9797
"E8",10.5,1.0374
"E8",11,1.0842
"E8",11.5,1.1284
"E8",12,1.1585
"E8",12.5,1.1802
"E8",13,1.1953
"E8",13.5,1.2166
"E8",14,1.2259
"E8",14.5,1.2307
"E8",15,1.2386
"E8",15.5,1.2383
"E8",16,1.2484
"E8",16.5,1.2429
"E8",17,1.2525
"E8",17.5,1.2513
"E8",18,1.2538
"E8",18.5,1.251
"E8",19,1.2553
"E8",19.5,1.2572
"E8",20,1.2537
"E8",20.5,1.2536
"E8",21,1.2553
"E8",21.5,1.2534
"E8",22,1.254
"E8",22.5,1.2615
"E8",23,1.2546
"E8",23.5,1.2519
"E8",24,1.2488
"E9",0,0.0577
"E9",0.5,0.0644
"E9",1,0.064
"E9",1.5,0.0788
"E9",2,0.073
"E9",2.5,0.0959
"E9",3,0.1035
"E9",3.5,0.1274
"E9",4,0.1429
"E9",4.5,0.1767
"E9",5,0.2166
"E9",5.5,0.2604
"E9",6,0.3192
"E9",6.5,0.3897
"E9",7,0.4663
"E9",7.5,0.5443
"E9",8,0.632
"E9",8.5,0.7228
"E9",9,0.8097
"E9",9.5,0.8841
"E9",10,0.9447
"E9",10.5,1.0045
"E9",11,1.0486
"E9",11.5,1.0948
"E9",12,1.1202
"E9",12.5,1.1464
"E9",13,1.1664
"E9",13.5,1.1781
"E9",14,1.1864
"E9",14.5,1.1972
"E9",15,1.1988
"E9",15.5,1.2144
"E9",16,1.203
"E9",16.5,1.2196
"E9",17,1.2165
"E9",17.5,1.2144
"E9",18,1.218
"E9",18.5,1.2178
"E9",19,1.2253
"E9",19.5,1.2255
"E9",20,1.2215
"E9",20.5,1.2186
"E9",21,1.2201
"E9",21.5,1.2174
"E9",22,1.217
"E9",22.5,1.219
"E9",23,1.2245
"E9",23.5,1.2185
"E9",24,1.2208
"E10",0,0.0569
"E10",0.5,0.0608
"E10",1,0.0691
"E10",1.5,0.0758
"E10",2,0.083
"E10",2.5,0.0942
"E10",3,0.1081
"E10",3.5,0.132
"E10",4,0.1565
"E10",4.5,0.1808
"E10",5,0.223
"E10",5.5,0.2788
"E10",6,0.3358
"E10",6.5,0.4074
"E10",7,0.493
"E10",7.5,0.581
"E10",8,0.6746
"E10",8.5,0.7646
"E10",9,0.8535
"E10",9.5,0.9377
"E10",10,1.0094
"E10",10.5,1.0704
"E10",11,1.1186
"E10",11.5,1.1629
"E10",12,1.1946
"E10",12.5,1.2235
"E10",13,1.2375
"E10",13.5,1.2566
"E10",14,1.2622
"E10",14.5,1.2743
"E10",15,1.2766
"E10",15.5,1.2874
"E10",16,1.2894
"E10",16.5,1.2898
"E10",17,1.2922
"E10",17.5,1.2951
"E10",18,1.2967
"E10",18.5,1.2997
"E10",19,1.2953
"E10",19.5,1.2951
"E10",20,1.3059
"E10",20.5,1.2948
"E10",21,1.2987
"E10",21.5,1.301
"E10",22,1.2901
"E10",22.5,1.3018
"E10",23,1.3006
"E10",23.5,1.2967
"E10",24,1.2968
"E11",0,0.0662
"E11",0.5,0.0651
"E11",1,0.0629
"E11",1.5,0.072
"E11",2,0.0798
"E11",2.5,0.0895
"E11",3,0.1103
"E11",3.5,0.1334
"E11",4,0.146
"E11",4.5,0.1841
"E11",5,0.2179
"E11",5.5,0.2733
"E11",6,0.3299
"E11",6.5,0.3978
"E11",7,0.4796
"E11",7.5,0.57
"E11",8,0.6574
"E11",8.5,0.7424
"E11",9,0.8311
"E11",9.5,0.9044
"E11",10,0.9784
"E11",10.5,1.0391
"E11",11,1.0866
"E11",11.5,1.1229
"E11",12,1.1559
"E11",12.5,1.1786
"E11",13,1.2004
"E11",13.5,1.2125
"E11",14,1.2236
"E11",14.5,1.2305
"E11",15,1.2417
"E11",15.5,1.2441
"E11",16,1.2436
"E11",16.5,1.2498
"E11",17,1.2493
"E11",17.5,1.2526
"E11",18,1.2589
"E11",18.5,1.251
"E11",19,1.2553
"E11",19.5,1.2508
"E11",20,1.2573
"E11",20.5,1.2513
"E11",21,1.2507
"E11",21.5,1.2576
"E11",22,1.2538
"E11",22.5,1.2502
"E11",23,1.2522
"E11",23.5,1.2594
"E11",24,1.2568
"E12",0,0.0498
"E12",0.5,0.058
"E12",1,0.0588
"E12",1.5,0.059
"E12",2,0.0666
"E12",2.5,0.081
"E12",3,0.0888
"E12",3.5,0.1077
"E12",4,0.1266
"E12",4.5,0.1542
"E12",5,0.1888
"E12",5.5,0.2327
"E12",6,0.2807
"E12",6.5,0.34
"E12",7,0.409
"E12",7.5,0.4804
"E12",8,0.5569
"E12",8.5,0.6331
"E12",9,0.7057
"E12",9.5,0.7779
"E12",10,0.8308
"E12",10.5,0.8816
"E12",11,0.9199
"E12",11.5,0.9551
"E12",12,0.9836
"E12",12.5,1.008
"E12",13,1.0214
"E12",13.5,1.034
"E12",14,1.0426
"E12",14.5,1.0484
"E12",15,1.0554
"E12",15.5,1.0593
"E12",16,1.0653
"E12",16.5,1.0662
"E12",17,1.0669
"E12",17.5,1.066
"E12",18,1.0645
"E12",18.5,1.0704
"E12",19,1.0661
"E12",19.5,1.0678
"E12",20,1.0699
"E12",20.5,1.0741
"E12",21,1.0739
"E12",21.5,1.0693
"E12",22,1.0746
"E12",22.5,1.0769
"E12",23,1.0702
"E12",23.5,1.0713
"E12",24,1.071
"F1",0,0.0505
"F1",0.5,0.0549
"F1",1,0.0593
"F1",1.5,0.0668
"F1",2,0.073
"F1",2.5,0.08
"F1",3,0.0894
"F1",3.5,0.1089
"F1",4,0.1324
"F1",4.5,0.1612
"F1",5,0.1943
"F1",5.5,0.2316
"F1",6,0.2877
"F1",6.5,0.3454
"F1",7,0.4162
"F1",7.5,0.49
"F1",8,0.5759
"F1",8.5,0.6498
"F1",9,0.7304
"F1",9.5,0.7903
"F1",10,0.8536
"F1",10.5,0.9096
"F1",11,0.9491
"F1",11.5,0.9902
"F1",12,1.0109
"F1",12.5,1.0284
"F1",13,1.0501
"F1",13.5,1.0619
"F1",14,1.0721
"F1",14.5,1.0775
"F1",15,1.0832
"F1",15.5,1.0869
"F1",16,1.0909
"F1",16.5,1.0912
"F1",17,1.0986
"F1",17.5,1.0948
"F1",18,1.1012
"F1",18.5,1.0949
"F1",19,1.1013
"F1",19.5,1.0979
"F1",20,1.1001
"F1",20.5,1.1019
"F1",21,1.0978
"F1",21.5,1.1008
"F1",22,1.1002
"F1",22.5,1.0975
"F1",23,1.1019
"F1",23.5,1.0946
"F1",24,1.1044
"F2",0,0.0581
"F2",0.5,0.067
"F2",1,0.0684
"F2",1.5,0.0699
"F2",2,0.0789
"F2",2.5,0.0934
"F2",3,0.1155
"F2",3.5,0.1278
"F2",4,0.1511
"F2",4.5,0.1855
"F2",5,0.2242
"F2",5.5,0.2797
"F2",6,0.3364
"F2",6.5,0.4066
"F2",7,0.4904
"F2",7.5,0.5786
"F2",8,0.6733
"F2",8.5,0.7677
"F2",9,0.855
"F2",9.5,0.9379
"F2",10,1.0053
"F2",10.5,1.0661
"F2",11,1.1186
"F2",11.5,1.1605
"F2",12,1.191
"F2",12.5,1.2166
"F2",13,1.2391
"F2",13.5,1.254
"F2",14,1.2652
"F2",14.5,1.2724
"F2",15,1.2811
"F2",15.5,1.2843
"F2",16,1.2851
"F2",16.5,1.2924
"F2",17,1.2894
"F2",17.5,1.2928
"F2",18,1.2926
"F2",18.5,1.2897
"F2",19,1.2953
"F2",19.5,1.2902
"F2",20,1.2988
"F2",20.5,1.2969
"F2",21,1.2965
"F2",21.5,1.2951
"F2",22,1.2937
"F2",22.5,1.2997
"F2",23,1.296
"F2",23.5,1.3013
"F2",24,1.297
"F3",0,0.0605
"F3",0.5,0.0649
"F3",1,0.0681
"F3",1.5,0.0755
"F3",2,0.0832
"F3",2.5,0.0975
"F3",3,0.1118
"F3",3.5,0.1291
"F3",4,0.1585
"F3",4.5,0.1877
"F3",5,0.2301
"F3",5.5,0.2801
"F3",6,0.3393
"F3",6.5,0.4157
"F3",7,0.4901
"F3",7.5,0.5823
"F3",8,0.6807
"F3",8.5,0.7761
"F3",9,0.8575
"F3",9.5,0.9476
"F3",10,1.0125
"F3",10.5,1.0764
"F3",11,1.1252
"F3",11.5,1.1699
"F3",12,1.2031
"F3",12.5,1.2296
"F3",13,1.2467
"F3",13.5,1.2628
"F3",14,1.2751
"F3",14.5,1.2797
"F3",15,1.2869
"F3",15.5,1.2979
"F3",16,1.2885
"F3",16.5,1.3028
"F3",17,1.3051
"F3",17.5,1.3075
"F3",18,1.3033
"F3",18.5,1.3078
"F3",19,1.3065
"F3",19.5,1.3044
"F3",20,1.3083
"F3",20.5,1.308
"F3",21,1.3059
"F3",21.5,1.3058
"F3",22,1.3065
"F3",22.5,1.3089
"F3",23,1.3073
"F3",23.5,1.3034
"F3",24,1.3084
"F4",0,0.0608
"F4",0.5,0.0676
"F4",1,0.0729
"F4",1.5,0.0699
"F4",2,0.0807
"F4",2.5,0.0895
"F4",3,0.1065
"F4",3.5,0.1285
"F4",4,0.1479
"F4",4.5,0.1803
"F4",5,0.2264
"F4",5.5,0.2638
"F4",6,0.3237
"F4",6.5,0.3883
"F4",7,0.4646
"F4",7.5,0.5501
"F4",8,0.6462
"F4",8.5,0.7266
"F4",9,0.8175
"F4",9.5,0.8927
"F4",10,0.9599
"F4",10.5,1.017
"F4",11,1.0653
"F4",11.5,1.1058
"F4",12,1.1357
"F4",12.5,1.1546
"F4",13,1.1769
"F4",13.5,1.1934
"F4",14,1.2016
"F4",14.5,1.2102
"F4",15,1.2143
"F4",15.5,1.2244
"F4",16,1.2176
"F4",16.5,1.2236
"F4",17,1.2319
"F4",17.5,1.2261
"F4",18,1.2325
"F4",18.5,1.2363
"F4",19,1.2287
"F4",19.5,1.2324
"F4",20,1.2365
"F4",20.5,1.2326
"F4",21,1.2347
"F4",21.5,1.2259
"F4",22,1.2392
"F4",22.5,1.2273
"F4",23,1.2317
"F4",23.5,1.2291
"F4",24,1.2347
"F5",0,0.0592
"F5",0.5,0.0586
"F5",1,0.0711
"F5",1.5,0.0727
"F5",2,0.0836
"F5",2.5,0.0916
"F5",3,0.1052
"F5",3.5,0.1298
"F5",4,0.1509
"F5",4.5,0.1843
"F5",5,0.2289
"F5",5.5,0.2696
"F5",6,0.3356
"F5",6.5,0.4148
"F5",7,0.4915
"F5",7.5,0.5752
"F5",8,0.6729
"F5",8.5,0.7659
"F5",9,0.8522
"F5",9.5,0.9338
"F5",10,1.0075
"F5",10.5,1.0713
"F5",11,1.1168
"F5",11.5,1.1623
"F5",12,1.1868
"F5",12.5,1.2236
"F5",13,1.2393
"F5",13.5,1.2499
"F5",14,1.2626
"F5",14.5,1.2676
"F5",15,1.2748
"F5",15.5,1.2833
"F5",16,1.2797
"F5",16.5,1.2905
"F5",17,1.293
"F5",17.5,1.2923
"F5",18,1.2906
"F5",18.5,1.2957
"F5",19,1.2937
"F5",19.5,1.3001
"F5",20,1.2966
"F5",20.5,1.3009
"F5",21,1.2937
"F5",21.5,1.2991
"F5",22,1.2987
"F5",22.5,1.2978
"F5",23,1.3012
"F5",23.5,1.2995
"F5",24,1.2993
"F6",0,0.0564
"F6",0.5,0.0619
"F6",1,0.0716
"F6",1.5,0.0747
"F6",2,0.0828
"F6",2.5,0.0896
"F6",3,0.1116
"F6",3.5,0.1288
"F6",4,0.1535
"F6",4.5,0.1837
"F6",5,0.2228
"F6",5.5,0.272
"F6",6,0.3384
"F6",6.5,0.408
"F6",7,0.4928
"F6",7.5,0.581
"F6",8,0.6774
"F6",8.5,0.7679
"F6",9,0.8585
"F6",9.5,0.9322
"F6",10,1.0113
"F6",10.5,1.0733
"F6",11,1.1241
"F6",11.5,1.1638
"F6",12,1.1906
"F6",12.5,1.2206
"F6",13,1.2335
"F6",13.5,1.2535
"F6",14,1.2671
"F6",14.5,1.2775
"F6",15,1.2825
"F6",15.5,1.2841
"F6",16,1.2907
"F6",16.5,1.2959
"F6",17,1.2922
"F6",17.5,1.2951
"F6",18,1.2975
"F6",18.5,1.2962
"F6",19,1.2971
"F6",19.5,1.3016
"F6",20,1.3023
"F6",20.5,1.2979
"F6",21,1.3031
"F6",21.5,1.295
"F6",22,1.2963
"F6",22.5,1.3
"F6",23,1.2992
"F6",23.5,1.3003
"F6",24,1.2986
"F7",0,0.0568
"F7",0.5,0.0607
"F7",1,0.0702
"F7",1.5,0.075
"F7",2,0.0845
"F7",2.5,0.0917
"F7",3,0.1041
"F7",3.5,0.1215
"F7",4,0.1408
"F7",4.5,0.176
"F7",5,0.2118
"F7",5.5,0.2582
"F7",6,0.3188
"F7",6.5,0.3854
"F7",7,0.464
"F7",7.5,0.5398
"F7",8,0.6236
"F7",8.5,0.7066
"F7",9,0.7909
"F7",9.5,0.8711
"F7",10,0.9313
"F7",10.5,0.9934
"F7",11,1.0342
"F7",11.5,1.0731
"F7",12,1.1097
"F7",12.5,1.1255
"F7",13,1.1389
"F7",13.5,1.1548
"F7",14,1.164
"F7",14.5,1.1752
"F7",15,1.179
"F7",15.5,1.1862
"F7",16,1.1932
"F7",16.5,1.1878
"F7",17,1.1895
"F7",17.5,1.1931
"F7",18,1.1975
"F7",18.5,1.1967
"F7",19,1.1964
"F7",19.5,1.2012
"F7",20,1.196
"F7",20.5,1.2026
"F7",21,1.1927
"F7",21.5,1.1982
"F7",22,1.2001
"F7",22.5,1.2009
"F7",23,1.1932
"F7",23.5,1.1957
"F7",24,1.1918
"F8",0,0.0493
"F8",0.5,0.0485
"F8",1,0.053
"F8",1.5,0.0512
"F8",2,0.0491
"F8",2.5,0.0541
"F8",3,0.0496
"F8",3.5,0.0539
"F8",4,0.052
"F8",4.5,0.052
"F8",5,0.0527
"F8",5.5,0.0481
"F8",6,0.0458
"F8",6.5,0.0524
"F8",7,0.0461
"F8",7.5,0.0473
"F8",8,0.0493
"F8",8.5,0.0517
"F8",9,0.0518
"F8",9.5,0.0445
"F8",10,0.0507
"F8",10.5,0.0447
"F8",11,0.0568
"F8",11.5,0.0472
"F8",12,0.0551
"F8",12.5,0.049
"F8",13,0.0519
"F8",13.5,0.0476
"F8",14,0.0503
"F8",14.5,0.0518
"F8",15,0.0546
"F8",15.5,0.0481
"F8",16,0.0453
"F8",16.5,0.0463
"F8",17,0.0504
"F8",17.5,0.0508
"F8",18,0.0492
"F8",18.5,0.0501
"F8",19,0.0491
"F8",19.5,0.0487
"F8",20,0.0567
"F8",20.5,0.0503
"F8",21,0.0537
"F8",21.5,0.0579
"F8",22,0.046
"F8",22.5,0.0496
"F8",23,0.05
"F8",23.5,0.0536
"F8",24,0.049
"F9",0,0.0611
"F9",0.5,0.0594
"F9",1,0.0694
"F9",1.5,0.078
"F9",2,0.0808
"F9",2.5,0.0943
"F9",3,0.1122
"F9",3.5,0.13
"F9",4,0.1505
"F9",4.5,0.1877
"F9",5,0.2219
"F9",5.5,0.2685
"F9",6,0.33
"F9",6.5,0.4033
"F9",7,0.4832
"F9",7.5,0.5705
"F9",8,0.6608
"F9",8.5,0.7483
"F9",9,0.8351
"F9",9.5,0.9131
"F9",10,0.9841
"F9",10.5,1.0484
"F9",11,1.0875
"F9",11.5,1.1368
"F9",12,1.1629
"F9",12.5,1.1874
"F9",13,1.21
"F9",13.5,1.2187
"F9",14,1.2349
"F9",14.5,1.2413
"F9",15,1.2474
"F9",15.5,1.25
"F9",16,1.2572
"F9",16.5,1.2601
"F9",17,1.2576
"F9",17.5,1.26
"F9",18,1.2641
"F9",18.5,1.2646
"F9",19,1.2578
"F9",19.5,1.264
"F9",20,1.2592
"F9",20.5,1.2666
"F9",21,1.2646
"F9",21.5,1.2634
"F9",22,1.2654
"F9",22.5,1.2634
"F9",23,1.2671
"F9",23.5,1.2664
"F9",24,1.2599
"F10",0,0.0634
"F10",0.5,0.0606
"F10",1,0.07
"F10",1.5,0.0777
"F10",2,0.0821
"F10",2.5,0.0957
"F10",3,0.1074
"F10",3.5,0.1251
"F10",4,0.1467
"F10",4.5,0.1833
"F10",5,0.2281
"F10",5.5,0.2777
"F10",6,0.3355
"F10",6.5,0.4102
"F10",7,0.4846
"F10",7.5,0.5831
"F10",8,0.6708
"F10",8.5,0.7659
"F10",9,0.8563
"F10",9.5,0.9339
"F10",10,1.0127
"F10",10.5,1.0704
"F10",11,1.1213
"F10",11.5,1.1633
"F10",12,1.196
"F10",12.5,1.22
"F10",13,1.2449
"F10",13.5,1.2507
"F10",14,1.2684
"F10",14.5,1.2681
"F10",15,1.2769
"F10",15.5,1.2818
"F10",16,1.284
"F10",16.5,1.2897
"F10",17,1.2932
"F10",17.5,1.2903
"F10",18,1.2949
"F10",18.5,1.2965
"F10",19,1.2955
"F10",19.5,1.2932
"F10",20,1.2927
"F10",20.5,1.2937
"F10",21,1.2979
"F10",21.5,1.3019
"F10",22,1.2948
"F10",22.5,1.3011
"F10",23,1.2936
"F10",23.5,1.2951
"F10",24,1.2966
"F11",0,0.0628
"F11",0.5,0.0651
"F11",1,0.0746
"F11",1.5,0.0794
"F11",2,0.0848
"F11",2.5,0.0859
"F11",3,0.1107
"F11",3.5,0.1251
"F11",4,0.1506
"F11",4.5,0.1766
"F11",5,0.2196
"F11",5.5,0.2705
"F11",6,0.3238
"F11",6.5,0.3897
"F11",7,0.4699
"F11",7.5,0.5535
"F11",8,0.6399
"F11",8.5,0.722
"F11",9,0.8132
"F11",9.5,0.889
"F11",10,0.9578
"F11",10.5,1.0165
"F11",11,1.0632
"F11",11.5,1.1035
"F11",12,1.1323
"F11",12.5,1.1577
"F11",13,1.1671
"F11",13.5,1.1907
"F11",14,1.1984
"F11",14.5,1.2102
"F11",15,1.205
"F11",15.5,1.2237
"F11",16,1.2205
"F11",16.5,1.2277
"F11",17,1.2261
"F11",17.5,1.2286
"F11",18,1.2306
"F11",18.5,1.2251
"F11",19,1.2304
"F11",19.5,1.2294
"F11",20,1.2266
"F11",20.5,1.2226
"F11",21,1.2312
"F11",21.5,1.2313
"F11",22,1.2305
"F11",22.5,1.2283
"F11",23,1.2294
"F11",23.5,1.2299
"F11",24,1.2313
"F12",0,0.0515
"F12",0.5,0.0576
"F12",1,0.0563
"F12",1.5,0.0656
"F12",2,0.0714
"F12",2.5,0.0785
"F12",3,0.0928
"F12",3.5,0.1085
"F12",4,0.1327
"F12",4.5,0.1596
"F12",5,0.1888
"F12",5.5,0.2408
"F12",6,0.2833
"F12",6.5,0.3518
"F12",7,0.4176
"F12",7.5,0.498
"F12",8,0.5755
"F12",8.5,0.6572
"F12",9,0.729
"F12",9.5,0.7927
"F12",10,0.8596
"F12",10.5,0.9127
"F12",11,0.9587
"F12",11.5,0.9874
"F12",12,1.0173
"F12",12.5,1.0383
"F12",13,1.0599
"F12",13.5,1.0645
"F12",14,1.0809
"F12",14.5,1.0883
"F12",15,1.0905
"F12",15.5,1.097
"F12",16,1.0991
"F12",16.5,1.0982
"F12",17,1.0999
"F12",17.5,1.0978
"F12",18,1.1079
"F12",18.5,1.1078
"F12",19,1.1083
"F12",19.5,1.1054
"F12",20,1.1042
"F12",20.5,1.1017
"F12",21,1.1046
"F12",21.5,1.1039
"F12",22,1.1028
"F12",22.5,1.1071
"F12",23,1.1052
"F12",23.5,1.1075
"F12",24,1.1044
"G1",0,0.0444
"G1",0.5,0.0542
"G1",1,0.0572
"G1",1.5,0.0637
"G1",2,0.0697
"G1",2.5,0.0768
"G1",3,0.0935
"G1",3.5,0.1099
"G1",4,0.1314
"G1",4.5,0.1589
"G1",5,0.1946
"G1",5.5,0.2347
"G1",6,0.2862
"G1",6.5,0.3501
"G1",7,0.4209
"G1",7.5,0.4997
"G1",8,0.5776
"G1",8.5,0.6522
"G1",9,0.7317
"G1",9.5,0.8011
"G1",10,0.8664
"G1",10.5,0.9162
"G1",11,0.9623
"G1",11.5,0.9965
"G1",12,1.0188
"G1",12.5,1.0478
"G1",13,1.0598
"G1",13.5,1.0766
"G1",14,1.0842
"G1",14.5,1.0918
"G1",15,1.0968
"G1",15.5,1.0968
"G1",16,1.1045
"G1",16.5,1.107
"G1",17,1.1041
"G1",17.5,1.1053
"G1",18,1.1118
"G1",18.5,1.1116
"G1",19,1.1144
"G1",19.5,1.111
"G1",20,1.1157
"G1",20.5,1.1088
"G1",21,1.1151
"G1",21.5,1.1105
"G1",22,1.1101
"G1",22.5,1.1102
"G1",23,1.1087
"G1",23.5,1.1103
"G1",24,1.1104
"G2",0,0.0591
"G2",0.5,0.0668
"G2",1,0.0681
"G2",1.5,0.0804
"G2",2,0.0814
"G2",2.5,0.0874
"G2",3,0.1095
"G2",3.5,0.1259
"G2",4,0.148
"G2",4.5,0.1759
"G2",5,0.2212
"G2",5.5,0.2685
"G2",6,0.3258
"G2",6.5,0.3981
"G2",7,0.4678
"G2",7.5,0.5563
"G2",8,0.6433
"G2",8.5,0.7341
"G2",9,0.8185
"G2",9.5,0.8944
"G2",10,0.9587
"G2",10.5,1.0216
"G2",11,1.0741
"G2",11.5,1.1027
"G2",12,1.1377
"G2",12.5,1.1649
"G2",13,1.1786
"G2",13.5,1.1928
"G2",14,1.2035
"G2",14.5,1.2123
"G2",15,1.2217
"G2",15.5,1.2311
"G2",16,1.2301
"G2",16.5,1.2286
"G2",17,1.2312
"G2",17.5,1.231
"G2",18,1.2331
"G2",18.5,1.2339
"G2",19,1.2408
"G2",19.5,1.2389
"G2",20,1.2321
"G2",20.5,1.24
"G2",21,1.2415
"G2",21.5,1.2371
"G2",22,1.242
"G2",22.5,1.239
"G2",23,1.24
"G2",23.5,1.2371
"G2",24,1.2424
"G3",0,0.0585
"G3",0.5,0.0616
"G3",1,0.0699
"G3",1.5,0.0729
"G3",2,0.0793
"G3",2.5,0.0902
"G3",3,0.1081
"G3",3.5,0.1207
"G3",4,0.1509
"G3",4.5,0.1769
"G3",5,0.2192
"G3",5.5,0.2655
"G3",6,0.3338
"G3",6.5,0.3996
"G3",7,0.4769
"G3",7.5,0.5644
"G3",8,0.6552
"G3",8.5,0.7361
"G3",9,0.824
"G3",9.5,0.9073
"G3",10,0.9728
"G3",10.5,1.0344
"G3",11,1.0833
"G3",11.5,1.1215
"G3",12,1.158
"G3",12.5,1.1769
"G3",13,1.1952
"G3",13.5,1.2116
"G3",14,1.2209
"G3",14.5,1.2238
"G3",15,1.2348
"G3",15.5,1.2357
"G3",16,1.2434
"G3",16.5,1.2436
"G3",17,1.241
"G3",17.5,1.247
"G3",18,1.2492
"G3",18.5,1.2542
"G3",19,1.2526
"G3",19.5,1.2534
"G3",20,1.253
"G3",20.5,1.2443
"G3",21,1.2529
"G3",21.5,1.2546
"G3",22,1.248
"G3",22.5,1.2503
"G3",23,1.2484
"G3",23.5,1.2535
"G3",24,1.2524
"G4",0,0.0653
"G4",0.5,0.0612
"G4",1,0.0685
"G4",1.5,0.0801
"G4",2,0.0837
"G4",2.5,0.0941
"G4",3,0.1055
"G4",3.5,0.1247
"G4",4,0.1517
"G4",4.5,0.1842
"G4",5,0.2312
"G4",5.5,0.2749
"G4",6,0.3341
"G4",6.5,0.4111
"G4",7,0.4906
"G4",7.5,0.5789
"G4",8,0.6755
"G4",8.5,0.7666
"G4",9,0.8555
"G4",9.5,0.9323
"G4",10,1.0041
"G4",10.5,1.0652
"G4",11,1.1134
"G4",11.5,1.153
"G4",12,1.1899
"G4",12.5,1.2133
"G4",13,1.2332
"G4",13.5,1.2514
"G4",14,1.257
"G4",14.5,1.2733
"G4",15,1.2724
"G4",15.5,1.2808
"G4",16,1.2785
"G4",16.5,1.2854
"G4",17,1.2842
"G4",17.5,1.2857
"G4",18,1.2852
"G4",18.5,1.2897
"G4",19,1.2927
"G4",19.5,1.2903
"G4",20,1.2903
"G4",20.5,1.2901
"G4",21,1.2936
"G4",21.5,1.2948
"G4",22,1.2852
"G4",22.5,1.2903
"G4",23,1.2945
"G4",23.5,1.2966
"G4",24,1.2937
"G5",0,0.0611
"G5",0.5,0.0658
"G5",1,0.0638
"G5",1.5,0.074
"G5",2,0.0819
"G5",2.5,0.0893
"G5",3,0.1061
"G5",3.5,0.1228
"G5",4,0.1486
"G5",4.5,0.1805
"G5",5,0.2175
"G5",5.5,0.2688
"G5",6,0.3284
"G5",6.5,0.3966
"G5",7,0.4738
"G5",7.5,0.562
"G5",8,0.6425
"G5",8.5,0.7369
"G5",9,0.8253
"G5",9.5,0.8985
"G5",10,0.966
"G5",10.5,1.0253
"G5",11,1.0715
"G5",11.5,1.109
"G5",12,1.1411
"G5",12.5,1.1738
"G5",13,1.1915
"G5",13.5,1.2017
"G5",14,1.2044
"G5",14.5,1.2161
"G5",15,1.2203
"G5",15.5,1.2241
"G5",16,1.234
"G5",16.5,1.2328
"G5",17,1.2313
"G5",17.5,1.2404
"G5",18,1.2423
"G5",18.5,1.2389
"G5",19,1.2477
"G5",19.5,1.2423
"G5",20,1.2417
"G5",20.5,1.2425
"G5",21,1.2422
"G5",21.5,1.2434
"G5",22,1.2381
"G5",22.5,1.2437
"G5",23,1.2439
"G5",23.5,1.2489
"G5",24,1.2407
"G6",0,0.0598
"G6",0.5,0.0604
"G6",1,0.0698
"G6",1.5,0.0746
"G6",2,0.0794
"G6",2.5,0.0964
"G6",3,0.1105
"G6",3.5,0.1248
"G6",4,0.1596
"G6",4.5,0.1738
"G6",5,0.2251
"G6",5.5,0.2713
"G6",6,0.3332
"G6",6.5,0.3998
"G6",7,0.4819
"G6",7.5,0.9678
"G6",8,0.662
"G6",8.5,0.7528
"G6",9,0.8406
"G6",9.5,0.9193
"G6",10,0.9881
"G6",10.5,1.048
"G6",11,1.1034
"G6",11.5,1.1404
"G6",12,1.1693
"G6",12.5,1.1986
"G6",13,1.2145
"G6",13.5,1.2273
"G6",14,1.2355
"G6",14.5,1.2478
"G6",15,1.2545
"G6",15.5,1.2557
"G6",16,1.2581
"G6",16.5,1.2596
"G6",17,1.2629
"G6",17.5,1.2702
"G6",18,1.2694
"G6",18.5,1.266
"G6",19,1.2646
"G6",19.5,1.2615
"G6",20,1.2673
"G6",20.5,1.2718
"G6",21,1.2669
"G6",21.5,1.2716
"G6",22,1.276
"G6",22.5,1.2643
"G6",23,1.2705
"G6",23.5,1.268
"G6",24,1.2738
"G7",0,0.058
"G7",0.5,0.0643
"G7",1,0.0686
"G7",1.5,0.0694
"G7",2,0.0827
"G7",2.5,0.0905
"G7",3,0.1051
"G7",3.5,0.1282
"G7",4,0.1466
"G7",4.5,0.1863
"G7",5,0.2184
"G7",5.5,0.2687
"G7",6,0.3281
"G7",6.5,0.3967
"G7",7,0.4727
"G7",7.5,0.5624
"G7",8,0.656
"G7",8.5,0.7395
"G7",9,0.8219
"G7",9.5,0.9033
"G7",10,0.9717
"G7",10.5,1.0348
"G7",11,1.0772
"G7",11.5,1.1184
"G7",12,1.1535
"G7",12.5,1.1753
"G7",13,1.1969
"G7",13.5,1.2025
"G7",14,1.2161
"G7",14.5,1.2243
"G7",15,1.2322
"G7",15.5,1.2333
"G7",16,1.2387
"G7",16.5,1.2374
"G7",17,1.2467
"G7",17.5,1.245
"G7",18,1.248
"G7",18.5,1.2477
"G7",19,1.2504
"G7",19.5,1.2503
"G7",20,1.2439
"G7",20.5,1.2457
"G7",21,1.247
"G7",21.5,1.2443
"G7",22,1.2436
"G7",22.5,1.253
"G7",23,1.2498
"G7",23.5,1.2497
"G7",24,1.2492
"G8",0,0.0625
"G8",0.5,0.0618
"G8",1,0.0679
"G8",1.5,0.0763
"G8",2,0.0785
"G8",2.5,0.0915
"G8",3,0.1065
"G8",3.5,0.1216
"G8",4,0.1467
"G8",4.5,0.1775
"G8",5,0.2177
"G8",5.5,0.2639
"G8",6,0.3167
"G8",6.5,0.3864
"G8",7,0.4648
"G8",7.5,0.5407
"G8",8,0.633
"G8",8.5,0.7107
"G8",9,0.7946
"G8",9.5,0.8733
"G8",10,0.9344
"G8",10.5,0.9972
"G8",11,1.0368
"G8",11.5,1.0789
"G8",12,1.1083
"G8",12.5,1.1373
"G8",13,1.1492
"G8",13.5,1.1701
"G8",14,1.1742
"G8",14.5,1.1834
"G8",15,1.1878
"G8",15.5,1.1979
"G8",16,1.194
"G8",16.5,1.2026
"G8",17,1.2051
"G8",17.5,1.2024
"G8",18,1.2006
"G8",18.5,1.2075
"G8",19,1.2029
"G8",19.5,1.2036
"G8",20,1.2045
"G8",20.5,1.204
"G8",21,1.2119
"G8",21.5,1.2089
"G8",22,1.2082
"G8",22.5,1.2055
"G8",23,1.2104
"G8",23.5,1.2042
"G8",24,1.2067
"G9",0,0.0564
"G9",0.5,0.062
"G9",1,0.0677
"G9",1.5,0.0755
"G9",2,0.078
"G9",2.5,0.0931
"G9",3,0.1114
"G9",3.5,0.1288
"G9",4,0.1525
"G9",4.5,0.1862
"G9",5,0.2236
"G9",5.5,0.2764
"G9",6,0.3341
"G9",6.5,0.414
"G9",7,0.4917
"G9",7.5,0.5799
"G9",8,0.6658
"G9",8.5,0.7609
"G9",9,0.8532
"G9",9.5,0.933
"G9",10,1.0082
"G9",10.5,1.07
"G9",11,1.114
"G9",11.5,1.1575
"G9",12,1.1959
"G9",12.5,1.2175
"G9",13,1.2378
"G9",13.5,1.2471
"G9",14,1.2637
"G9",14.5,1.2641
"G9",15,1.2745
"G9",15.5,1.2783
"G9",16,1.288
"G9",16.5,1.2852
"G9",17,1.2871
"G9",17.5,1.2875
"G9",18,1.291
"G9",18.5,1.293
"G9",19,1.2874
"G9",19.5,1.2922
"G9",20,1.2974
"G9",20.5,1.2918
"G9",21,1.2907
"G9",21.5,1.2952
"G9",22,1.2953
"G9",22.5,1.2893
"G9",23,1.2988
"G9",23.5,1.2943
"G9",24,1.2989
"G10",0,0.0564
"G10",0.5,0.0601
"G10",1,0.0664
"G10",1.5,0.0721
"G10",2,0.08
"G10",2.5,0.0924
"G10",3,0.1066
"G10",3.5,0.1174
"G10",4,0.1491
"G10",4.5,0.1803
"G10",5,0.2119
"G10",5.5,0.2554
"G10",6,0.3129
"G10",6.5,0.3787
"G10",7,0.4609
"G10",7.5,0.5443
"G10",8,0.633
"G10",8.5,0.7157
"G10",9,0.7999
"G10",9.5,0.871
"G10",10,0.9363
"G10",10.5,0.9968
"G10",11,1.044
"G10",11.5,1.0747
"G10",12,1.1137
"G10",12.5,1.1324
"G10",13,1.1519
"G10",13.5,1.1629
"G10",14,1.1782
"G10",14.5,1.183
"G10",15,1.1858
"G10",15.5,1.1953
"G10",16,1.1927
"G10",16.5,1.1995
"G10",17,1.202
"G10",17.5,1.2114
"G10",18,1.2058
"G10",18.5,1.2012
"G10",19,1.2067
"G10",19.5,1.2057
"G10",20,1.2069
"G10",20.5,1.2016
"G10",21,1.2117
"G10",21.5,1.2084
"G10",22,1.2057
"G10",22.5,1.2008
"G10",23,1.2082
"G10",23.5,1.2028
"G10",24,1.2035
"G11",0,0.0593
"G11",0.5,0.0663
"G11",1,0.0672
"G11",1.5,0.0755
"G11",2,0.083
"G11",2.5,0.0971
"G11",3,0.108
"G11",3.5,0.1247
"G11",4,0.1606
"G11",4.5,0.1799
"G11",5,0.2244
"G11",5.5,0.2709
"G11",6,0.3351
"G11",6.5,0.4064
"G11",7,0.4872
"G11",7.5,0.5654
"G11",8,0.6655
"G11",8.5,0.7602
"G11",9,0.8399
"G11",9.5,0.9173
"G11",10,0.9875
"G11",10.5,1.0476
"G11",11,1.103
"G11",11.5,1.1421
"G11",12,1.1652
"G11",12.5,1.2018
"G11",13,1.2187
"G11",13.5,1.2286
"G11",14,1.2465
"G11",14.5,1.2511
"G11",15,1.2519
"G11",15.5,1.2597
"G11",16,1.2644
"G11",16.5,1.2647
"G11",17,1.2628
"G11",17.5,1.2677
"G11",18,1.2676
"G11",18.5,1.2725
"G11",19,1.2733
"G11",19.5,1.272
"G11",20,1.2774
"G11",20.5,1.273
"G11",21,1.2763
"G11",21.5,1.2754
"G11",22,1.2769
"G11",22.5,1.2763
"G11",23,1.274
"G11",23.5,1.2719
"G11",24,1.2746
"G12",0,0.0541
"G12",0.5,0.0464
"G12",1,0.0551
"G12",1.5,0.0642
"G12",2,0.0701
"G12",2.5,0.0786
"G12",3,0.0853
"G12",3.5,0.1039
"G12",4,0.1192
"G12",4.5,0.1504
"G12",5,0.1802
"G12",5.5,0.2192
"G12",6,0.2718
"G12",6.5,0.3329
"G12",7,0.3888
"G12",7.5,0.461
"G12",8,0.5363
"G12",8.5,0.6086
"G12",9,0.6781
"G12",9.5,0.7469
"G12",10,0.7997
"G12",10.5,0.8503
"G12",11,0.8934
"G12",11.5,0.9242
"G12",12,0.9448
"G12",12.5,0.9722
"G12",13,0.9856
"G12",13.5,0.9965
"G12",14,1.0045
"G12",14.5,1.0093
"G12",15,1.0144
"G12",15.5,1.0178
"G12",16,1.0195
"G12",16.5,1.0265
"G12",17,1.0232
"G12",17.5,1.0289
"G12",18,1.0265
"G12",18.5,1.0315
"G12",19,1.0324
"G12",19.5,1.0302
"G12",20,1.0314
"G12",20.5,1.0313
"G12",21,1.0271
"G12",21.5,1.0329
"G12",22,1.0329
"G12",22.5,1.0286
"G12",23,1.0284
"G12",23.5,1.0319
"G12",24,1.0283
"H1",0,0.0476
"H1",0.5,0.0551
"H1",1,0.0605
"H1",1.5,0.0597
"H1",2,0.0673
"H1",2.5,0.0806
"H1",3,0.0904
"H1",3.5,0.1055
"H1",4,0.1286
"H1",4.5,0.1556
"H1",5,0.1863
"H1",5.5,0.2251
"H1",6,0.2815
"H1",6.5,0.3415
"H1",7,0.4071
"H1",7.5,0.4767
"H1",8,0.5571
"H1",8.5,0.6332
"H1",9,0.7054
"H1",9.5,0.7747
"H1",10,0.8341
"H1",10.5,0.8796
"H1",11,0.9186
"H1",11.5,0.9536
"H1",12,0.9829
"H1",12.5,1.0097
"H1",13,1.0192
"H1",13.5,1.0299
"H1",14,1.0438
"H1",14.5,1.0514
"H1",15,1.056
"H1",15.5,1.0536
"H1",16,1.0586
"H1",16.5,1.0641
"H1",17,1.0604
"H1",17.5,1.0656
"H1",18,1.0651
"H1",18.5,1.0702
"H1",19,1.067
"H1",19.5,1.0657
"H1",20,1.0668
"H1",20.5,1.0684
"H1",21,1.07
"H1",21.5,1.0736
"H1",22,1.0689
"H1",22.5,1.0656
"H1",23,1.0776
"H1",23.5,1.0703
"H1",24,1.0693
"H2",0,0.046
"H2",0.5,0.0505
"H2",1,0.056
"H2",1.5,0.0642
"H2",2,0.0663
"H2",2.5,0.0818
"H2",3,0.096
"H2",3.5,0.1084
"H2",4,0.1339
"H2",4.5,0.1617
"H2",5,0.1943
"H2",5.5,0.2368
"H2",6,0.2897
"H2",6.5,0.347
"H2",7,0.4231
"H2",7.5,0.4987
"H2",8,0.5772
"H2",8.5,0.6503
"H2",9,0.7342
"H2",9.5,0.8047
"H2",10,0.8627
"H2",10.5,0.92
"H2",11,0.9623
"H2",11.5,0.9928
"H2",12,1.0212
"H2",12.5,1.0447
"H2",13,1.0593
"H2",13.5,1.0719
"H2",14,1.0876
"H2",14.5,1.0884
"H2",15,1.0975
"H2",15.5,1.0969
"H2",16,1.1039
"H2",16.5,1.1076
"H2",17,1.1106
"H2",17.5,1.1062
"H2",18,1.1081
"H2",18.5,1.1129
"H2",19,1.1127
"H2",19.5,1.1108
"H2",20,1.1119
"H2",20.5,1.1108
"H2",21,1.114
"H2",21.5,1.1132
"H2",22,1.1121
"H2",22.5,1.1103
"H2",23,1.1132
"H2",23.5,1.1118
"H2",24,1.1078
"H3",0,0.0466
"H3",0.5,0.0498
"H3",1,0.0593
"H3",1.5,0.0618
"H3",2,0.0677
"H3",2.5,0.0793
"H3",3,0.0881
"H3",3.5,0.1082
"H3",4,0.1267
"H3",4.5,0.1473
"H3",5,0.1837
"H3",5.5,0.2196
"H3",6,0.2726
"H3",6.5,0.3273
"H3",7,0.3902
"H3",7.5,0.4621
"H3",8,0.5352
"H3",8.5,0.6084
"H3",9,0.6838
"H3",9.5,0.7402
"H3",10,0.8022
"H3",10.5,0.8485
"H3",11,0.8882
"H3",11.5,0.9225
"H3",12,0.9448
"H3",12.5,0.97
"H3",13,0.9827
"H3",13.5,0.9926
"H3",14,1.0089
"H3",14.5,1.0073
"H3",15,1.0133
"H3",15.5,1.0172
"H3",16,1.015
"H3",16.5,1.0253
"H3",17,1.022
"H3",17.5,1.0254
"H3",18,1.0275
"H3",18.5,1.0271
"H3",19,1.0295
"H3",19.5,1.0297
"H3",20,1.0296
"H3",20.5,1.0264
"H3",21,1.0298
"H3",21.5,1.0239
"H3",22,1.0261
"H3",22.5,1.0293
"H3",23,1.0285
"H3",23.5,1.0272
"H3",24,1.0321
"H4",0,0.0527
"H4",0.5,0.0534
"H4",1,0.0596
"H4",1.5,0.0627
"H4",2,0.0694
"H4",2.5,0.0775
"H4",3,0.0899
"H4",3.5,0.1054
"H4",4,0.1248
"H4",4.5,0.1507
"H4",5,0.1858
"H4",5.5,0.2235
"H4",6,0.2707
"H4",6.5,0.3299
"H4",7,0.3918
"H4",7.5,0.4703
"H4",8,0.5464
"H4",8.5,0.614
"H4",9,0.685
"H4",9.5,0.7474
"H4",10,0.808
"H4",10.5,0.8585
"H4",11,0.8984
"H4",11.5,0.9289
"H4",12,0.958
"H4",12.5,0.9794
"H4",13,0.9895
"H4",13.5,1.0032
"H4",14,1.014
"H4",14.5,1.017
"H4",15,1.0232
"H4",15.5,1.0238
"H4",16,1.0272
"H4",16.5,1.0254
"H4",17,1.0313
"H4",17.5,1.0329
"H4",18,1.0378
"H4",18.5,1.0329
"H4",19,1.036
"H4",19.5,1.0355
"H4",20,1.0358
"H4",20.5,1.0373
"H4",21,1.0409
"H4",21.5,1.0343
"H4",22,1.039
"H4",22.5,1.0356
"H4",23,1.0345
"H4",23.5,1.0396
"H4",24,1.0342
"H5",0,0.0464
"H5",0.5,0.0575
"H5",1,0.0589
"H5",1.5,0.0585
"H5",2,0.0702
"H5",2.5,0.0809
"H5",3,0.0921
"H5",3.5,0.1038
"H5",4,0.1208
"H5",4.5,0.1494
"H5",5,0.1814
"H5",5.5,0.2231
"H5",6,0.2739
"H5",6.5,0.3293
"H5",7,0.391
"H5",7.5,0.4623
"H5",8,0.5385
"H5",8.5,0.6111
"H5",9,0.6813
"H5",9.5,0.7402
"H5",10,0.8003
"H5",10.5,0.8495
"H5",11,0.8932
"H5",11.5,0.9249
"H5",12,0.9445
"H5",12.5,0.9678
"H5",13,0.982
"H5",13.5,0.994
"H5",14,0.9999
"H5",14.5,1.0074
"H5",15,1.0182
"H5",15.5,1.0191
"H5",16,1.0191
"H5",16.5,1.0184
"H5",17,1.0237
"H5",17.5,1.0281
"H5",18,1.0286
"H5",18.5,1.0245
"H5",19,1.0302
"H5",19.5,1.027
"H5",20,1.0282
"H5",20.5,1.0273
"H5",21,1.0296
"H5",21.5,1.0239
"H5",22,1.0312
"H5",22.5,1.0323
"H5",23,1.0323
"H5",23.5,1.0246
"H5",24,1.0256
"H6",0,0.0495
"H6",0.5,0.0527
"H6",1,0.0562
"H6",1.5,0.058
"H6",2,0.0687
"H6",2.5,0.0806
"H6",3,0.0958
"H6",3.5,0.1042
"H6",4,0.1253
"H6",4.5,0.1534
"H6",5,0.1841
"H6",5.5,0.2238
"H6",6,0.2735
"H6",6.5,0.3326
"H6",7,0.3917
"H6",7.5,0.4671
"H6",8,0.5436
"H6",8.5,0.6191
"H6",9,0.6866
"H6",9.5,0.753
"H6",10,0.8079
"H6",10.5,0.8625
"H6",11,0.9036
"H6",11.5,0.9346
"H6",12,0.9608
"H6",12.5,0.9746
"H6",13,1.0001
"H6",13.5,1.0076
"H6",14,1.0159
"H6",14.5,1.0242
"H6",15,1.0308
"H6",15.5,1.037
"H6",16,1.0369
"H6",16.5,1.0351
"H6",17,1.0393
"H6",17.5,1.041
"H6",18,1.042
"H6",18.5,1.0447
"H6",19,1.0425
"H6",19.5,1.041
"H6",20,1.0468
"H6",20.5,1.0505
"H6",21,1.0429
"H6",21.5,1.0461
"H6",22,1.0466
"H6",22.5,1.0462
"H6",23,1.0429
"H6",23.5,1.0456
"H6",24,1.0471
"H7",0,0.0522
"H7",0.5,0.0537
"H7",1,0.0614
"H7",1.5,0.0624
"H7",2,0.0714
"H7",2.5,0.0776
"H7",3,0.0945
"H7",3.5,0.109
"H7",4,0.1267
"H7",4.5,0.1594
"H7",5,0.1953
"H7",5.5,0.2396
"H7",6,0.2916
"H7",6.5,0.3519
"H7",7,0.4251
"H7",7.5,0.5024
"H7",8,0.5745
"H7",8.5,0.6588
"H7",9,0.7344
"H7",9.5,0.7976
"H7",10,0.8669
"H7",10.5,0.9171
"H7",11,0.9622
"H7",11.5,0.9964
"H7",12,1.0245
"H7",12.5,1.0421
"H7",13,1.0593
"H7",13.5,1.0729
"H7",14,1.0841
"H7",14.5,1.0939
"H7",15,1.0965
"H7",15.5,1.1031
"H7",16,1.1026
"H7",16.5,1.1108
"H7",17,1.1085
"H7",17.5,1.109
"H7",18,1.1134
"H7",18.5,1.1101
"H7",19,1.113
"H7",19.5,1.1078
"H7",20,1.1102
"H7",20.5,1.1075
"H7",21,1.1115
"H7",21.5,1.1139
"H7",22,1.1123
"H7",22.5,1.1113
"H7",23,1.1156
"H7",23.5,1.1111
"H7",24,1.1151
"H8",0,0.054
"H8",0.5,0.0578
"H8",1,0.0549
"H8",1.5,0.0599
"H8",2,0.069
"H8",2.5,0.0794
"H8",3,0.0922
"H8",3.5,0.1102
"H8",4,0.1266
"H8",4.5,0.1568
"H8",5,0.1887
"H8",5.5,0.231
"H8",6,0.2851
"H8",6.5,0.344
"H8",7,0.4135
"H8",7.5,0.4838
"H8",8,0.5637
"H8",8.5,0.6406
"H8",9,0.7179
"H8",9.5,0.7832
"H8",10,0.8412
"H8",10.5,0.8962
"H8",11,0.938
"H8",11.5,0.9729
"H8",12,0.9982
"H8",12.5,1.0167
"H8",13,1.0313
"H8",13.5,1.0502
"H8",14,1.0591
"H8",14.5,1.0639
"H8",15,1.063
"H8",15.5,1.0728
"H8",16,1.0781
"H8",16.5,1.0769
"H8",17,1.0806
"H8",17.5,1.0784
"H8",18,1.0832
"H8",18.5,1.0792
"H8",19,1.0816
"H8",19.5,1.0866
"H8",20,1.0831
"H8",20.5,1.0875
"H8",21,1.085
"H8",21.5,1.0873
"H8",22,1.0841
"H8",22.5,1.086
"H8",23,1.0857
"H8",23.5,1.0834
"H8",24,1.0885
"H9",0,0.0568
"H9",0.5,0.0532
"H9",1,0.0635
"H9",1.5,0.0621
"H9",2,0.0699
"H9",2.5,0.0803
"H9",3,0.0949
"H9",3.5,0.1143
"H9",4,0.1319
"H9",4.5,0.156
"H9",5,0.1902
"H9",5.5,0.2358
"H9",6,0.2836
"H9",6.5,0.3451
"H9",7,0.4153
"H9",7.5,0.4868
"H9",8,0.5716
"H9",8.5,0.6474
"H9",9,0.7187
"H9",9.5,0.7884
"H9",10,0.8501
"H9",10.5,0.9019
"H9",11,0.9466
"H9",11.5,0.9812
"H9",12,1.0072
"H9",12.5,1.0254
"H9",13,1.0453
"H9",13.5,1.0555
"H9",14,1.065
"H9",14.5,1.071
"H9",15,1.0827
"H9",15.5,1.0815
"H9",16,1.0903
"H9",16.5,1.0819
"H9",17,1.0904
"H9",17.5,1.093
"H9",18,1.0933
"H9",18.5,1.093
"H9",19,1.0868
"H9",19.5,1.0938
"H9",20,1.0959
"H9",20.5,1.0964
"H9",21,1.0922
"H9",21.5,1.0946
"H9",22,1.0919
"H9",22.5,1.0939
"H9",23,1.0933
"H9",23.5,1.093
"H9",24,1.0957
"H10",0,0.0549
"H10",0.5,0.0536
"H10",1,0.0594
"H10",1.5,0.0614
"H10",2,0.0739
"H10",2.5,0.0834
"H10",3,0.0941
"H10",3.5,0.1104
"H10",4,0.1303
"H10",4.5,0.1576
"H10",5,0.1922
"H10",5.5,0.2329
"H10",6,0.2832
"H10",6.5,0.3441
"H10",7,0.4145
"H10",7.5,0.4867
"H10",8,0.5606
"H10",8.5,0.6453
"H10",9,0.7185
"H10",9.5,0.7845
"H10",10,0.8458
"H10",10.5,0.8988
"H10",11,0.9444
"H10",11.5,0.9772
"H10",12,1
"H10",12.5,1.029
"H10",13,1.0423
"H10",13.5,1.0526
"H10",14,1.0617
"H10",14.5,1.0666
"H10",15,1.0745
"H10",15.5,1.0788
"H10",16,1.0797
"H10",16.5,1.0834
"H10",17,1.0817
"H10",17.5,1.0881
"H10",18,1.0858
"H10",18.5,1.082
"H10",19,1.086
"H10",19.5,1.0882
"H10",20,1.0894
"H10",20.5,1.0851
"H10",21,1.0883
"H10",21.5,1.088
"H10",22,1.0871
"H10",22.5,1.086
"H10",23,1.085
"H10",23.5,1.0891
"H10",24,1.0857
"H11",0,0.0485
"H11",0.5,0.0532
"H11",1,0.0537
"H11",1.5,0.0605
"H11",2,0.0665
"H11",2.5,0.0805
"H11",3,0.0936
"H11",3.5,0.1019
"H11",4,0.1241
"H11",4.5,0.1476
"H11",5,0.1867
"H11",5.5,0.224
"H11",6,0.2718
"H11",6.5,0.3309
"H11",7,0.3919
"H11",7.5,0.4642
"H11",8,0.5376
"H11",8.5,0.6102
"H11",9,0.679
"H11",9.5,0.7461
"H11",10,0.8077
"H11",10.5,0.8558
"H11",11,0.8961
"H11",11.5,0.9289
"H11",12,0.9477
"H11",12.5,0.9691
"H11",13,0.9853
"H11",13.5,0.9993
"H11",14,1.0045
"H11",14.5,1.0142
"H11",15,1.0134
"H11",15.5,1.0218
"H11",16,1.0222
"H11",16.5,1.0251
"H11",17,1.0263
"H11",17.5,1.0316
"H11",18,1.0284
"H11",18.5,1.0333
"H11",19,1.0315
"H11",19.5,1.0335
"H11",20,1.031
"H11",20.5,1.0322
"H11",21,1.0319
"H11",21.5,1.0325
"H11",22,1.033
"H11",22.5,1.0359
"H11",23,1.031
"H11",23.5,1.0317
"H11",24,1.0302
"H12",0,0.0494
"H12",0.5,0.057
"H12",1,0.0567
"H12",1.5,0.0673
"H12",2,0.0701
"H12",2.5,0.0766
"H12",3,0.0927
"H12",3.5,0.1108
"H12",4,0.1265
"H12",4.5,0.1527
"H12",5,0.1899
"H12",5.5,0.2265
"H12",6,0.2811
"H12",6.5,0.34
"H12",7,0.4107
"H12",7.5,0.478
"H12",8,0.5558
"H12",8.5,0.636
"H12",9,0.708
"H12",9.5,0.7788
"H12",10,0.8367
"H12",10.5,0.8867
"H12",11,0.9338
"H12",11.5,0.9587
"H12",12,0.9969
"H12",12.5,1.0123
"H12",13,1.0259
"H12",13.5,1.0372
"H12",14,1.0466
"H12",14.5,1.0581
"H12",15,1.0641
"H12",15.5,1.0637
"H12",16,1.0712
"H12",16.5,1.0711
"H12",17,1.0706
"H12",17.5,1.0768
"H12",18,1.0762
"H12",18.5,1.0718
"H12",19,1.0776
"H12",19.5,1.0792
"H12",20,1.0755
"H12",20.5,1.0747
"H12",21,1.0784
"H12",21.5,1.0804
"H12",22,1.0754
"H12",22.5,1.0778
"H12",23,1.0813
"H12",23.5,1.0761
"H12",24,1.0758
